split	id	before	after	chars_found
dev	1	Inagmayen igejdanen nan-d d akken ayagi yezmer ad yeglu s uεqal amenzu n waṭṭan n ukanṣir, lberd, SIDA d malarya i yimuḍan deg tmura yenḥafen, anda afmiḍi n ḥellu seg waṭṭanen am ukanṣir n yedmaren ahat d azgen n win n tmura irebḥen.	Inagmayen igejdanen nan-d d akken ayagi yezmer ad yeglu s uɛqal amenzu n waṭṭan n ukanṣir, lberd, SIDA d malarya i yimuḍan deg tmura yenḥafen, anda afmiḍi n ḥellu seg waṭṭanen am ukanṣir n yedmaren ahat d azgen n win n tmura irebḥen.	ε
dev	5	Mi yesεa Fidal 28 n yiseggasen di leεmeṛ-is yekcem-d ɣer Lbarṣa kraḍ n tsemhuyin ɣer deffir, si Sefiya.	Mi yesɛa Fidal 28 n yiseggasen di leɛmeṛ-is yekcem-d ɣer Lbarṣa kraḍ n tsemhuyin ɣer deffir, si Sefiya.	ε
dev	7	Taskant tebda tamudi n 11:00 akud adigan (UTC+1) di Waythall agemmaḍ iɣallen n tɣellist εussen anekcum n Ubrid Duwnin, tanezduɣt tunṣibt n Uneɣlaf Amenzu.	Taskant tebda tamudi n 11:00 akud adigan (UTC+1) di Waythall agemmaḍ iɣallen n tɣellist ɛussen anekcum n Ubrid Duwnin, tanezduɣt tunṣibt n Uneɣlaf Amenzu.	ε
dev	9	Γef 11:20, iɣallen n tɣellist tenna i yimeskanen ad uɣalen ɣer tneddut, s usegzi d akken ilaq ad semsawin gar uzref sεan i teskant akked tkeṛṛyas ur yezmiren ad iεeddin.	Ɣef 11:20, iɣallen n tɣellist tenna i yimeskanen ad uɣalen ɣer tneddut, s usegzi d akken ilaq ad semsawin gar uzref sɛan i teskant akked tkeṛṛyas ur yezmiren ad iɛeddin.	Γ,ε
dev	10	Tamudi n 11:29, imeskanen ddan si Waythall, εeddan seg Urti Trafalgar, deg ubrid n Iri n Wasif, s uεeddi ɣef Aldwič d asawen n Kingsway ɣer Hulburn anda yexdem Ukabar Aqdim Anejmuε-ines n Tefsut deg usensu Tixxamin n Kunnut Ameqqran.	Tamudi n 11:29, imeskanen ddan si Waythall, ɛeddan seg Urti Trafalgar, deg ubrid n Iri n Wasif, s uɛeddi ɣef Aldwič d asawen n Kingsway ɣer Hulburn anda yexdem Ukabar Aqdim Anejmuɛ-ines n Tefsut deg usensu Tixxamin n Kunnut Ameqqran.	ε
dev	14	Seld timlilit, Agellid n Talaɣt yenna-d, "Ferḥeɣ mliḥ imi d-uɣaleɣ ɣer timliliyin tineggura n uneḍru axatar akk yellan. Aqli da i wakken ad εerḍeɣ ad rebḥeɣ ay-a."	Seld timlilit, Agellid n Talaɣt yenna-d, "Ferḥeɣ mliḥ imi d-uɣaleɣ ɣer timliliyin tineggura n uneḍru axatar akk yellan. Aqli da i wakken ad ɛerḍeɣ ad rebḥeɣ ay-a."	ε
dev	16	Ifayluten mlan-d mraw d ukkuẓ n tbankatin iεawnen imsaɣen-nsen inesbuɣar ad fren imelyaṛen n yidularen Imarikaniyen n tbaɣurt i wakken ad sinfen taẓeṭṭaḍt d yilugan niḍen.	Ifayluten mlan-d mraw d ukkuẓ n tbankatin iɛawnen imsaɣen-nsen inesbuɣar ad fren imelyaṛen n yidularen Imarikaniyen n tbaɣurt i wakken ad sinfen taẓeṭṭaḍt d yilugan niḍen.	ε
dev	17	Aɣmis Aglizi Aεessas yenna-d d akken Tabanka Talalmanit tesselḥay akken ttelt n 1200 nni n tkebbaniyin ixedmen aya.	Aɣmis Aglizi Aɛessas yenna-d d akken Tabanka Talalmanit tesselḥay akken ttelt n 1200 nni n tkebbaniyin ixedmen aya.	ε
dev	18	Llan imeskanen si yal tama n umaḍal, aṭas n temsal yeεnan ccreε inɣi, d iqeṛṛa n yinabaḍen n Aysland d Bakistan i yeǧǧan axeddim-nsen di sin.	Llan imeskanen si yal tama n umaḍal, aṭas n temsal yeɛnan ccreɛ inɣi, d iqeṛṛa n yinabaḍen n Aysland d Bakistan i yeǧǧan axeddim-nsen di sin.	ε
dev	20	Hsieh yewwet-d lmeεna di tefrant d akken Ma yezmer ad yerwel si tmurt di teswiεt n tezɣint.	Hsieh yewwet-d lmeɛna di tefrant d akken Ma yezmer ad yerwel si tmurt di teswiɛt n tezɣint.	ε
dev	22	Γas akken sḍelmen-t, Ma yerbeḥ s tefses ɣef tjumma yettnadin ad tessiǧhed assaɣen akked umenẓaw Cinwa.	Ɣas akken sḍelmen-t, Ma yerbeḥ s tefses ɣef tjumma yettnadin ad tessiǧhed assaɣen akked umenẓaw Cinwa.	Γ
dev	24	Yesεa 2 n yiswiyen d 2 n tegnatin tixatarin deg temlilit anda rebḥen Wacintun 5-3 mgal Atlanta Tracers.	Yesɛa 2 n yiswiyen d 2 n tegnatin tixatarin deg temlilit anda rebḥen Wacintun 5-3 mgal Atlanta Tracers.	ε
dev	29	Yerɣa lḥebs Abu Γrayeb n Ɛiraq deg tɣewwaɣt.	Yerɣa lḥebs Abu Ɣrayeb n Ɛiraq deg tɣewwaɣt.	Γ
dev	34	Γef 8:46 n sbaḥ swa swa teɣli-d tsusmi ɣef temdint, d ayen icerḍen akud ufrin anda yewwet uǧet nnican-is amenzu.	Ɣef 8:46 n sbaḥ swa swa teɣli-d tsusmi ɣef temdint, d ayen icerḍen akud ufrin anda yewwet uǧet nnican-is amenzu.	Γ
dev	42	Azayaḍ, i d-yezgan tamudi n 645 n yimaylen (1040 km) ɣer usamar n tegzirin n Kab Ferde, yezmer ahat ad iεeddi weqbel ad yeggez tamiwin n tmurt, i d-yenna uneɣmas n yiriden n tegnawt.	Azayaḍ, i d-yezgan tamudi n 645 n yimaylen (1040 km) ɣer usamar n tegzirin n Kab Ferde, yezmer ahat ad iɛeddi weqbel ad yeggez tamiwin n tmurt, i d-yenna uneɣmas n yiriden n tegnawt.	ε
dev	43	Fred yesεa tura akka aḍu n 105 n yimaylen deg usrag (165 km/h) yerna ad yettaẓ ɣer ugafa amalu.	Fred yesɛa tura akka aḍu n 105 n yimaylen deg usrag (165 km/h) yerna ad yettaẓ ɣer ugafa amalu.	ε
dev	49	Tamsulta n Nyu Ziland εewqen amek ad sxedmen tameẓyant-nsen n uṛadar n urured i wakken ad walin amek yettɣawal Mass Rid acku Tahuski Taberkant tṣub mliḥ, abrid amenzu kan anda teṣṣaweḍ temsulta ad teṭṭef s ukṛunumitr Mass Rid mi yessenhawel ɣer 160km/h.	Tamsulta n Nyu Ziland ɛewqen amek ad sxedmen tameẓyant-nsen n uṛadar n urured i wakken ad walin amek yettɣawal Mass Rid acku Tahuski Taberkant tṣub mliḥ, abrid amenzu kan anda teṣṣaweḍ temsulta ad teṭṭef s ukṛunumitr Mass Rid mi yessenhawel ɣer 160km/h.	ε
dev	51	Deg waggur n Yebrir n useggas-agi, yesuffeɣ-d Unezraf Glinn tasunḍa n tilisa mgal uɣsur i wakken ad yessiǧhed ttesriḥ n wid yettwaṭṭfen ugar n 24 n tsaεtin seld tuṭṭfa-nsen ur yesεin ara tibeddit akked ukumiṣar n teɣdemt.	Deg waggur n Yebrir n useggas-agi, yesuffeɣ-d Unezraf Glinn tasunḍa n tilisa mgal uɣsur i wakken ad yessiǧhed ttesriḥ n wid yettwaṭṭfen ugar n 24 n tsaɛtin seld tuṭṭfa-nsen ur yesɛin ara tibeddit akked ukumiṣar n teɣdemt.	ε
dev	55	Mass Kustellu yenna-d d akken mi ara yuɣal uxlaq n tfasa n uɣsi d amagnu di tdamsa, Usṭrali ad tetbeε asexdem-is.	Mass Kustellu yenna-d d akken mi ara yuɣal uxlaq n tfasa n uɣsi d amagnu di tdamsa, Usṭrali ad tetbeɛ asexdem-is.	ε
dev	56	"Ma yella tuɣal d tazenzant, ilaq ad tt-nesεu. Akka, ur yelli usukkes n umenzay i tfasa n uɣsi " i d-yenna Kustellu.	"Ma yella tuɣal d tazenzant, ilaq ad tt-nesɛu. Akka, ur yelli usukkes n umenzay i tfasa n uɣsi " i d-yenna Kustellu.	ε
dev	57	Γef leḥsab n Ansa, "Timsulta εnan-tt kra n trennawin n uswir εlayen i ugaden ad ssekren-t trad n uxlaf.	Ɣef leḥsab n Ansa, "Timsulta ɛnan-tt kra n trennawin n uswir ɛlayen i ugaden ad ssekren-t trad n uxlaf.	Γ,ε
dev	61	Deg inaw-ines n 2 n tsaεtin yenna-d d akken "Ass-a Abbel ad as-nefk udem amaynut i tiliɣṛi, Ad yeqqim deg umezruy ass-a".	Deg inaw-ines n 2 n tsaɛtin yenna-d d akken "Ass-a Abbel ad as-nefk udem amaynut i tiliɣṛi, Ad yeqqim deg umezruy ass-a".	ε
dev	65	Imeskanen ssarmen ad jemεen asuter n 1.2 n yimelyunen n yezmal ad seknen i Ugraw Aɣelnaw di Wamber.	Imeskanen ssarmen ad jemɛen asuter n 1.2 n yimelyunen n yezmal ad seknen i Ugraw Aɣelnaw di Wamber.	ε
dev	66	Seld mi d-iban d akken aṭas n twaculin i yettnadin afus uzrif n lemεawna i wakken ad nnaɣen mgal asuffeɣ, tella-d temlilit deg wass n 20 si Meɣres deg Wammas n Usaḍuf n Tmazdayt n Ist Bay i teɣtas n uzrag n tnezduɣt.	Seld mi d-iban d akken aṭas n twaculin i yettnadin afus uzrif n lemɛawna i wakken ad nnaɣen mgal asuffeɣ, tella-d temlilit deg wass n 20 si Meɣres deg Wammas n Usaḍuf n Tmazdayt n Ist Bay i teɣtas n uzrag n tnezduɣt.	ε
dev	71	Imestanen Igrigiyen yettwassnen, Sakis Kecagiuglu d Ǧurǧ Nikulakubulus ttwaḥebsen deg usekraf n Atens n Kuridallus, imi d imḍalmiyen n usgufsu d tjeεal.	Imestanen Igrigiyen yettwassnen, Sakis Kecagiuglu d Ǧurǧ Nikulakubulus ttwaḥebsen deg usekraf n Atens n Kuridallus, imi d imḍalmiyen n usgufsu d tjeɛal.	ε
dev	72	Γef waya, tella-d lefḍiḥa meqqren deg tmazdayt tazerfant Tagrigit segmi d-seknen tigawin tiruzrifin xeddmen yemzarfa, imestanen d yimisirawen deg yiseggasen yezrin.	Ɣef waya, tella-d lefḍiḥa meqqren deg tmazdayt tazerfant Tagrigit segmi d-seknen tigawin tiruzrifin xeddmen yemzarfa, imestanen d yimisirawen deg yiseggasen yezrin.	Γ
dev	73	Kra n ddurtat ɣer deffir, seld mi d-yessuffeɣ umeɣnas Makis Triantafilubulus talɣut deg unahay-is n Tiluẓṛi "Zungla" di Alfa TF, amaṣlaḍ n Umni d umestan, Betrus Mantufalus yeffeɣ imi imaṣlaḍen n lbiru-ines ttekkan deg usgufsu d tijeεal iruzrifen.	Kra n ddurtat ɣer deffir, seld mi d-yessuffeɣ umeɣnas Makis Triantafilubulus talɣut deg unahay-is n Tiluẓṛi "Zungla" di Alfa TF, amaṣlaḍ n Umni d umestan, Betrus Mantufalus yeffeɣ imi imaṣlaḍen n lbiru-ines ttekkan deg usgufsu d tijeɛal iruzrifen.	ε
dev	74	Ernu ɣer waya, amzarfu bu tmekkant εlayen akk Efangelus Kalusis yettwaḥbes imi d amḍalmu n tijεal d tikli iεewjen.	Ernu ɣer waya, amzarfu bu tmekkant ɛlayen akk Efangelus Kalusis yettwaḥbes imi d amḍalmu n tijɛal d tikli iɛewjen.	ε
dev	84	Rnu ɣef yeḥricen n ugris, tignatin n tegnawt qessiḥen εewqent ussisen n usellek.	Rnu ɣef yeḥricen n ugris, tignatin n tegnawt qessiḥen ɛewqent ussisen n usellek.	ε
dev	86	Anect-agi akk n ugris azuran, ɣef leḥsab n Bittman, d ayen iweεren akk i yiṣeggaden n yidemriyen deg 15 n yiseggasen-agi yezrin.	Anect-agi akk n ugris azuran, ɣef leḥsab n Bittman, d ayen iweɛren akk i yiṣeggaden n yidemriyen deg 15 n yiseggasen-agi yezrin.	ε
dev	97	Deg wass n 7 di Tuber iqleε-d umutur mi d-yeḥḍer waffug, ur d-yessegra imejraḥ. Tessers-d Rusya s urured II-76s seld tawaɣit-agi.	Deg wass n 7 di Tuber iqleɛ-d umutur mi d-yeḥḍer waffug, ur d-yessegra imejraḥ. Tessers-d Rusya s urured II-76s seld tawaɣit-agi.	ε
dev	98	800 n yimaylen n Unagraw n Tsenfarin n Ubiṭrul Iεeddan ɣef Alaska ɣelqen-t seld mi d-nneɣlen igiman n tbettiyin n ubiṭrul aḥrur deg unẓul n Ferbanks, Alaska.	800 n yimaylen n Unagraw n Tsenfarin n Ubiṭrul Iɛeddan ɣef Alaska ɣelqen-t seld mi d-nneɣlen igiman n tbettiyin n ubiṭrul aḥrur deg unẓul n Ferbanks, Alaska.	ε
dev	99	Seld aεraḍ imezgi n unagraw n usefrek n uqelleε truḥ trisiti d ayen i d-yeglan s tullya n tmacint yeṭṭfen tibettiyin-nni dɣa yenɣel-d akk ubiṭrul-nni ɣer tama n teɣsert 9 n tsuffut n Ugadir Grili.	Seld aɛraḍ imezgi n unagraw n usefrek n uqelleɛ truḥ trisiti d ayen i d-yeglan s tullya n tmacint yeṭṭfen tibettiyin-nni dɣa yenɣel-d akk ubiṭrul-nni ɣer tama n teɣsert 9 n tsuffut n Ugadir Grili.	ε
dev	103	Iwenniten, srid si tiliẓri, d abrid amenzu ad stεerfent teɣbula εlayen n Iran d akken tifegwa sεant asemdu.	Iwenniten, srid si tiliẓri, d abrid amenzu ad stɛerfent teɣbula ɛlayen n Iran d akken tifegwa sɛant asemdu.	ε
dev	108	Tettban-d tkabsult amzun d itri ifeǧǧen i d-iεeddan deg igenni.	Tettban-d tkabsult amzun d itri ifeǧǧen i d-iɛeddan deg igenni.	ε
dev	109	Takabsult tettεedday-d s 12.8 km neɣ 8 n yimaylen i tasint, d taruradt i wakken ad truḥ si San Fransisku ɣer Lus Angeles deg yiwet n tesdat.	Takabsult tettɛedday-d s 12.8 km neɣ 8 n yimaylen i tasint, d taruradt i wakken ad truḥ si San Fransisku ɣer Lus Angeles deg yiwet n tesdat.	ε
dev	112	Taɣtest n Mass Rudd n uzmul n umsisi n unezwi n Kyutu teεzel Iwunak Yeddukklen, d ayen ad tt-yarren d aɣlan yenneflen awḥid ur neqbil amsisi.	Taɣtest n Mass Rudd n uzmul n umsisi n unezwi n Kyutu teɛzel Iwunak Yeddukklen, d ayen ad tt-yarren d aɣlan yenneflen awḥid ur neqbil amsisi.	ε
dev	113	Anabaḍ aqbur aḥerraz n Lusṭrali yugi ad yeqbel Kyutu, imi ad iḍur tadamsa s lettkal-is aẓayan ɣef usuffeɣ n lefḥem, ma yella d timura am Lhend d Ccinwa ur qqinent ara ɣer yiswiyen n uceggeε.	Anabaḍ aqbur aḥerraz n Lusṭrali yugi ad yeqbel Kyutu, imi ad iḍur tadamsa s lettkal-is aẓayan ɣef usuffeɣ n lefḥem, ma yella d timura am Lhend d Ccinwa ur qqinent ara ɣer yiswiyen n uceggeɛ.	ε
dev	114	D taɣawsa yesεan akk azal deg umezruy n eBay.	D taɣawsa yesɛan akk azal deg umezruy n eBay.	ε
dev	115	Takebbanit tessarem ad terr tiɣbula n lfayda d tanḍiyin akked ad terbeḥ tamelt di tamiwin anda yesεa Skayb tamekkant tuzmirt, am Ccinwa, Tuṛuft n Usamar, d Brazil.	Takebbanit tessarem ad terr tiɣbula n lfayda d tanḍiyin akked ad terbeḥ tamelt di tamiwin anda yesɛa Skayb tamekkant tuzmirt, am Ccinwa, Tuṛuft n Usamar, d Brazil.	ε
dev	119	Urar ibedd ɣef Umennuɣ wis Sin n Fallujah, amennuɣ amezzangu gar yiɣallen Imarikaniyen d Yiεiraqiyen.	Urar ibedd ɣef Umennuɣ wis Sin n Fallujah, amennuɣ amezzangu gar yiɣallen Imarikaniyen d Yiɛiraqiyen.	ε
dev	122	Tamahelt n Yiwunak Yeddukklen i d-yezgan di Nayrubi, Kenya tessuffeɣ-d aεeggen d akken " imeṭṭarfuyen si Sumalya" sɣawasen ad serḥen i tenṭagin n tfezwayin tinɣimanin di Kenya akked Etyubya.	Tamahelt n Yiwunak Yeddukklen i d-yezgan di Nayrubi, Kenya tessuffeɣ-d aɛeggen d akken " imeṭṭarfuyen si Sumalya" sɣawasen ad serḥen i tenṭagin n tfezwayin tinɣimanin di Kenya akked Etyubya.	ε
dev	126	Al Guri d Ujiniral Tummi Frnks ttadren-d izwal-nsen smenyifen (Guri yella mi d-yessawḍ Uẓalim d akken netta d Tibber sεeddan akud n tuzzuft yifen akk wiyyaḍ di tudert-nsen seld lexṣara-ines 2000 n tefranin n Temnaḍt).	Al Guri d Ujiniral Tummi Frnks ttadren-d izwal-nsen smenyifen (Guri yella mi d-yessawḍ Uẓalim d akken netta d Tibber sɛeddan akud n tuzzuft yifen akk wiyyaḍ di tudert-nsen seld lexṣara-ines 2000 n tefranin n Temnaḍt).	ε
dev	127	Aṭas n yimyura-nsen sεan tazrirt meqqren ɣef wahilen n umkadan n yisalen n Jun Stiwart d Stefen Kulbert.	Aṭas n yimyura-nsen sɛan tazrirt meqqren ɣef wahilen n umkadan n yisalen n Jun Stiwart d Stefen Kulbert.	ε
dev	128	Aneḍru anaẓuṛan yettekka ula d netta ɣer usizzel n Uxxam n Tɣiwant n Bučarest yettnadin ad yeḥyu tugna n tmanaɣt Tarumanit d tamdint tameqqrant tamesnulfut yerna d tin yesεan tiɣmiwin.	Aneḍru anaẓuṛan yettekka ula d netta ɣer usizzel n Uxxam n Tɣiwant n Bučarest yettnadin ad yeḥyu tugna n tmanaɣt Tarumanit d tamdint tameqqrant tamesnulfut yerna d tin yesɛan tiɣmiwin.	ε
dev	129	Ad tili temdint d tamenzut deg Tuṛuft n unẓul asamar ad ixedmen Amsudaɣ n Tfunasin, aneḍru anaẓuṛan azayez imeqqren akk deg umaḍal, gar Yunyu d Γuct n useggas-agi.	Ad tili temdint d tamenzut deg Tuṛuft n unẓul asamar ad ixedmen Amsudaɣ n Tfunasin, aneḍru anaẓuṛan azayez imeqqren akk deg umaḍal, gar Yunyu d Ɣuct n useggas-agi.	Γ
dev	131	Tamerna n 300 ad yefk aɣṛud n 1,300 n tkeṛṛyas ad sεun i wakken ad sifsusen ṭṭaqa n tkeṛṛyas ireglen abrid.	Tamerna n 300 ad yefk aɣṛud n 1,300 n tkeṛṛyas ad sɛun i wakken ad sifsusen ṭṭaqa n tkeṛṛyas ireglen abrid.	ε
dev	141	Deg wass n Ahad, Tiddukla Taɣelnawt n Yiwunak Yedduklen n Takurt Uqecwal (TTYYTU) ḥebsen tasemhuyt-nsen n takurt n uqecwal tamsadurt ɣef temsal yeεnan KUFID-19.	Deg wass n Ahad, Tiddukla Taɣelnawt n Yiwunak Yedduklen n Takurt Uqecwal (TTYYTU) ḥebsen tasemhuyt-nsen n takurt n uqecwal tamsadurt ɣef temsal yeɛnan KUFID-19.	ε
dev	143	Γef leḥsab n ufusil-agi, iban d akken yella-d zik beṭṭu ɣef wayen d-yessizwer ttbut amulikuli.	Ɣef leḥsab n ufusil-agi, iban d akken yella-d zik beṭṭu ɣef wayen d-yessizwer ttbut amulikuli.	Γ
dev	145	Alami d tura, i teṣṣaweḍ AUL ad tḥerrek u ad tesnefli alzuz IM s leεqel-is, imi yucaε usexdem-is deg Yiwunak Yedduklen.	Alami d tura, i teṣṣaweḍ AUL ad tḥerrek u ad tesnefli alzuz IM s leɛqel-is, imi yucaɛ usexdem-is deg Yiwunak Yedduklen.	ε
dev	148	Tabanka Aẓru n Ugafa tuɣal d aɣelnawt di 2008 seld mi d-iban d akken takebbanit tesεa asalel n tezwert sɣur Unabaḍ n Tgelda Yedduklen.	Tabanka Aẓru n Ugafa tuɣal d aɣelnawt di 2008 seld mi d-iban d akken takebbanit tesɛa asalel n tezwert sɣur Unabaḍ n Tgelda Yedduklen.	ε
dev	149	Aẓru n Ugafa tessuter afus n lemεawna imi tt-tḥuza teswiεt n ddiq n urhan n 2007.	Aẓru n Ugafa tessuter afus n lemɛawna imi tt-tḥuza teswiɛt n ddiq n urhan n 2007.	ε
dev	155	Mraw d semmus n yeẓra kkan-d seg ugeffur n yimitiyuriten n Yulyu iεeddan.	Mraw d semmus n yeẓra kkan-d seg ugeffur n yimitiyuriten n Yulyu iɛeddan.	ε
dev	164	D tuɣdat n Tanawt tis Ṣa n Tegriwa n Yiwunak Yedduklen yerna yesεa amekkan-is di Sasebu, Nagazaki di Jabu.	D tuɣdat n Tanawt tis Ṣa n Tegriwa n Yiwunak Yedduklen yerna yesɛa amekkan-is di Sasebu, Nagazaki di Jabu.	ε
dev	166	Aslaɣmu n uskuti d yisalen i d-yejmeε Dafid Hidli iεawnen i wakken ad teḍru temhelt n 10 n yergazen yesεan leslaḥ seg ugraw ameɣnas n Bakistan Laskar-e Taiba.	Aslaɣmu n uskuti d yisalen i d-yejmeɛ Dafid Hidli iɛawnen i wakken ad teḍru temhelt n 10 n yergazen yesɛan leslaḥ seg ugraw ameɣnas n Bakistan Laskar-e Taiba.	ε
dev	370	Imɣan-agi ttbanen-d am tezdayt tamecṭuḥt s yiferrawen uqḍiεen, ibedden am yisennanen.	Imɣan-agi ttbanen-d am tezdayt tamecṭuḥt s yiferrawen uqḍiɛen, ibedden am yisennanen.	ε
dev	371	Atrisiratubs yessexdem ahat aqamum-is iǧehden i wakken ad yeqleε iferrawen-nni uqbel ad yečč ajgu.	Atrisiratubs yessexdem ahat aqamum-is iǧehden i wakken ad yeqleɛ iferrawen-nni uqbel ad yečč ajgu.	ε
dev	372	Imussnawen niḍen sfuklen d akken imɣan-agi sεan ssem mliḥ dɣa ur cukken yečča-ten udinuẓur, xas akken ass-a amaṛxu d yiɣerṣiwen am ubabaɣayu (ccetla n udinuẓur) zemren ad ččen iferrawen neɣ igumma semmumen.	Imussnawen niḍen sfuklen d akken imɣan-agi sɛan ssem mliḥ dɣa ur cukken yečča-ten udinuẓur, xas akken ass-a amaṛxu d yiɣerṣiwen am ubabaɣayu (ccetla n udinuẓur) zemren ad ččen iferrawen neɣ igumma semmumen.	ε
dev	375	Iṭij ur yesεi ara tajumma ɣef wacu ad tbeddeḍ am Umaḍal. Iṭij s timmad-is yettwaxdem s wurrigen, times, d blasma.	Iṭij ur yesɛi ara tajumma ɣef wacu ad tbeddeḍ am Umaḍal. Iṭij s timmad-is yettwaxdem s wurrigen, times, d blasma.	ε
dev	376	Urrig yettuɣal d axfifan skud tettbeεεideḍ ɣef tlemmast n Yiṭij.	Urrig yettuɣal d axfifan skud tettbeɛɛideḍ ɣef tlemmast n Yiṭij.	ε
dev	378	Sakkin tamudi n kraḍ n yigiman n yiseggasen, di 1610, asnetray aṭelyani Galileu Galiley yessexdem atiliskub i wakken ad iẓer d akken Fenus tesεa tiswiεin, am wagur.	Sakkin tamudi n kraḍ n yigiman n yiseggasen, di 1610, asnetray aṭelyani Galileu Galiley yessexdem atiliskub i wakken ad iẓer d akken Fenus tesɛa tiswiɛin, am wagur.	ε
dev	379	Tiswiεin ttilint-d acku siwa idis n Fenus (neɣ win n wagur) iwehhan ɣer Yiṭij iceεlen. Tiswiεin n Fenus ddant akked tiẓri n Kubernikus i d-yeqqaren d akken imtiwgen ttezzin i Yiṭij.	Tiswiɛin ttilint-d acku siwa idis n Fenus (neɣ win n wagur) iwehhan ɣer Yiṭij iceɛlen. Tiswiɛin n Fenus ddant akked tiẓri n Kubernikus i d-yeqqaren d akken imtiwgen ttezzin i Yiṭij.	ε
dev	380	Sakkin, seld n kra n yiseggasen di 1639, asnetray Aglizi isem-is Jeremya Hurruk iwala aεeddi n Fenus.	Sakkin, seld n kra n yiseggasen di 1639, asnetray Aglizi isem-is Jeremya Hurruk iwala aɛeddi n Fenus.	ε
dev	391	Asanskrit d tutlayt iṣeεben nezzeh yerna d tanesbaɣurt, d ayen i tt-yeǧǧan ad tili d aɣbalu n waṭas n tutlayin Tihendiyin tattrarin, am Tlatinit i yellan d aɣbalu n tutlayin Tuṛufin am Tefransist d Tesbanyulit.	Asanskrit d tutlayt iṣeɛben nezzeh yerna d tanesbaɣurt, d ayen i tt-yeǧǧan ad tili d aɣbalu n waṭas n tutlayin Tihendiyin tattrarin, am Tlatinit i yellan d aɣbalu n tutlayin Tuṛufin am Tefransist d Tesbanyulit.	ε
dev	393	Tsemma Lalman d angal tanṭagt "Tamhelt Izem n Yilel". Tuget n leslaḥ ẓayen d tmerna n Tredsa Tabriṭanit akk εerqen mi d-rewlen si Dunkirk, ihi taredsa d tanamumt.	Tsemma Lalman d angal tanṭagt "Tamhelt Izem n Yilel". Tuget n leslaḥ ẓayen d tmerna n Tredsa Tabriṭanit akk ɛerqen mi d-rewlen si Dunkirk, ihi taredsa d tanamumt.	ε
dev	394	Maca Taredsa Tageldant mazal-itt d tuntimt ugar ɣef Tegriwa Talalmanit ("Kriegsmarine") yerna tella tezmer ad tesdegdeg yal tinawin n unbaz ad ceggεen izegren Ilel Aglizi.	Maca Taredsa Tageldant mazal-itt d tuntimt ugar ɣef Tegriwa Talalmanit ("Kriegsmarine") yerna tella tezmer ad tesdegdeg yal tinawin n unbaz ad ceggɛen izegren Ilel Aglizi.	ε
dev	397	Sεan taredsa tanamumt d tagriwa tanamumt, ɣas akken bnan ukkuz n yiɣeṛṛuba imaynuten uqbel ad yebdu trad.	Sɛan taredsa tanamumt d tagriwa tanamumt, ɣas akken bnan ukkuz n yiɣeṛṛuba imaynuten uqbel ad yebdu trad.	ε
dev	398	Iswiyen igejdanen n Ṭelyan d timura n Tefriqt. I wakken ad ṭṭfen timura-agi, ilaq ad sεun tajumma n uceggeε n tekra, i wakken ad ssilelent tikra deg Yilel Amagrakal yerna ad nebzen Tafriqt.	Iswiyen igejdanen n Ṭelyan d timura n Tefriqt. I wakken ad ṭṭfen timura-agi, ilaq ad sɛun tajumma n uceggeɛ n tekra, i wakken ad ssilelent tikra deg Yilel Amagrakal yerna ad nebzen Tafriqt.	ε
dev	399	Γef waya, ilaq ad suffɣen izdaren Ibriṭaniyen d yiɣeṛṛuba si Maṣer. Ernu ɣer tigawin-agi, iɣeṛṛuba n umennuɣ n Ṭelyan ur nwin ad xedmen acemma niḍen.	Ɣef waya, ilaq ad suffɣen izdaren Ibriṭaniyen d yiɣeṛṛuba si Maṣer. Ernu ɣer tigawin-agi, iɣeṛṛuba n umennuɣ n Ṭelyan ur nwin ad xedmen acemma niḍen.	Γ
dev	402	Tineṭṭabin ttwasxedment di Trad Amaḍlan I d Trad Amaḍlan II. Di tallit-nni ttmurḍusent mliḥ yerna sεant annar n ujbad bu tilas.	Tineṭṭabin ttwasxedment di Trad Amaḍlan I d Trad Amaḍlan II. Di tallit-nni ttmurḍusent mliḥ yerna sɛant annar n ujbad bu tilas.	ε
dev	407	S wudem inefεen, ur t-ḥsiben ara d win yesεan akka azal meqqren deg tallit taqburt yerna ur t-kelsen ara deg wumuɣen n yigelliden iqburen akk.	S wudem inefɛen, ur t-ḥsiben ara d win yesɛan akka azal meqqren deg tallit taqburt yerna ur t-kelsen ara deg wumuɣen n yigelliden iqburen akk.	ε
dev	408	Maca, tagrut n uẓekka-s di 1922 terra-t d bu tamelt. Γas akken llan aṭas n yiẓekwan n yizri i ukren, aẓekka-agi yeqqim akken yella.	Maca, tagrut n uẓekka-s di 1922 terra-t d bu tamelt. Ɣas akken llan aṭas n yiẓekwan n yizri i ukren, aẓekka-agi yeqqim akken yella.	Γ
dev	411	Tineccabin seg wallalen n ujbad ineqqen zemrent ad kecment taderraεt n yiserdasen imenzaɣen. Tamudi 1000 Uqbel. Tamasiḥt., Issiryanen skecmen-d tamnayit tamenzut.	Tineccabin seg wallalen n ujbad ineqqen zemrent ad kecment taderraɛt n yiserdasen imenzaɣen. Tamudi 1000 Uqbel. Tamasiḥt., Issiryanen skecmen-d tamnayit tamenzut.	ε
dev	412	Tamnayit d taredsa yettnaɣen ɣef uεrur n yiεidiwen. Tarikt urεad i d-tennulfa, ihi tamnayit Tassiryanit tennuɣ ɣef uεrur imsuray n yiεidiwen-nsen.	Tamnayit d taredsa yettnaɣen ɣef uɛrur n yiɛidiwen. Tarikt urɛad i d-tennulfa, ihi tamnayit Tassiryanit tennuɣ ɣef uɛrur imsuray n yiɛidiwen-nsen.	ε
dev	421	Kra n yimeεkaf Ilalmaniyen bɣan ad sqerben Illu ɣer yemdanen ineṣliyen, dimi akka i d-snulfan tutlayt taneṣlit Tastunit.	Kra n yimeɛkaf Ilalmaniyen bɣan ad sqerben Illu ɣer yemdanen ineṣliyen, dimi akka i d-snulfan tutlayt taneṣlit Tastunit.	ε
dev	424	S wudem amensay, amekkasu n lεerc ad iruḥ srid ɣer tredsa seld mi ara yefru leqraya-s.	S wudem amensay, amekkasu n lɛerc ad iruḥ srid ɣer tredsa seld mi ara yefru leqraya-s.	ε
dev	428	Tamurt n Ṭurk tεedda 1,600 n yikilumitren (1,000 mi) di teɣzi d 800km (500 mi) di tehri, s talɣa n usrem.	Tamurt n Ṭurk tɛedda 1,600 n yikilumitren (1,000 mi) di teɣzi d 800km (500 mi) di tehri, s talɣa n usrem.	ε
dev	432	Luksemburg yesεa amezruy ɣezzifen maca timunent-is tella-d si 1839.	Luksemburg yesɛa amezruy ɣezzifen maca timunent-is tella-d si 1839.	ε
dev	434	Lukemburg tezga teεreḍ ad teqqim d tamurt iεezlen iman-is maca ṭṭfen-tt Lalman deg Trad Amaḍlan I d Trad Amaḍlan II.	Lukemburg tezga teɛreḍ ad teqqim d tamurt iɛezlen iman-is maca ṭṭfen-tt Lalman deg Trad Amaḍlan I d Trad Amaḍlan II.	ε
dev	446	Zik di tmunent n uɣlan, tawzut n Tebḥirin n Yimɣan n Sangabur tεawen i wakken ad tbeddel tigzirt ɣer Teɣṛemt n Tebḥirt Tatṛubikan.	Zik di tmunent n uɣlan, tawzut n Tebḥirin n Yimɣan n Sangabur tɛawen i wakken ad tbeddel tigzirt ɣer Teɣṛemt n Tebḥirt Tatṛubikan.	ε
dev	450	Tamnaḍt Serengeti tesεa Urti Aɣelnaw Serengeti, Tama n Uḥraz Ngurunguru d Teẓgi Urar n Maswa di Ṭanzanya akked Teẓgi Taɣelnawt Maasai Mara di Kenya.	Tamnaḍt Serengeti tesɛa Urti Aɣelnaw Serengeti, Tama n Uḥraz Ngurunguru d Teẓgi Urar n Maswa di Ṭanzanya akked Teẓgi Taɣelnawt Maasai Mara di Kenya.	ε
dev	452	Asugen n temyigawt yessuter-d d akken ad tεawdeḍ ad ssitgeḍ ittɣilen-ik ɣef ufares n ulɣagdud yerna ad tlemdeḍ ad txemmemeḍ s tmamkin wartizelmanin.	Asugen n temyigawt yessuter-d d akken ad tɛawdeḍ ad ssitgeḍ ittɣilen-ik ɣef ufares n ulɣagdud yerna ad tlemdeḍ ad txemmemeḍ s tmamkin wartizelmanin.	ε
dev	453	Asugen n temyigawt yessuter d akken iferdisen n usenfar ad ilin qqnen wa ɣer wa, maca ad sεun anamek yal yiwen weḥd-s.	Asugen n temyigawt yessuter d akken iferdisen n usenfar ad ilin qqnen wa ɣer wa, maca ad sɛun anamek yal yiwen weḥd-s.	ε
dev	455	Ay-agi ur yuɣal ara d aɣbel maḍi imi ilesnulfuyen n yiswiyen ssawaḍen taɣaṛa εlayen deg ufares n yiswiyen.	Ay-agi ur yuɣal ara d aɣbel maḍi imi ilesnulfuyen n yiswiyen ssawaḍen taɣaṛa ɛlayen deg ufares n yiswiyen.	ε
dev	458	Ay-agi yeǧǧa tilentiyin n usemɣur i ṛxisen weεren i usexdem deg tegnatin anda tenqes tafat mebla asexdem n uflac.	Ay-agi yeǧǧa tilentiyin n usemɣur i ṛxisen weɛren i usexdem deg tegnatin anda tenqes tafat mebla asexdem n uflac.	ε
dev	465	Xas akken d ibeddi i tbeddeḍ di tlemmast n unestim yesεan agim n yiseggasen di leεmeṛ-is mazal yeshel ad d-terreḍ di ddehn-ik lḥes d rriḥa n yimenɣan yefran acḥal-aya, ahat ad tesleḍ maḍi iqebqaben n yiεidiwen ɣef ubrid yerna ad tesriḥeḍ tugdi i d-yulin si tserfin.	Xas akken d ibeddi i tbeddeḍ di tlemmast n unestim yesɛan agim n yiseggasen di leɛmeṛ-is mazal yeshel ad d-terreḍ di ddehn-ik lḥes d rriḥa n yimenɣan yefran acḥal-aya, ahat ad tesleḍ maḍi iqebqaben n yiɛidiwen ɣef ubrid yerna ad tesriḥeḍ tugdi i d-yulin si tserfin.	ε
dev	475	Γef leḥsab n tmacahut, tiṭ-is ad yettwassen s yak timamkin. Ifesyaten, s wurif, berḥen-d d akken isem n Herustratus ur yettwaklas ara.	Ɣef leḥsab n tmacahut, tiṭ-is ad yettwassen s yak timamkin. Ifesyaten, s wurif, berḥen-d d akken isem n Herustratus ur yettwaklas ara.	Γ
dev	477	Aleksander, imi d agellid, yesumer ad yefk idrimen i wakken ad εawden lebni n ufakan, maca ur qbilen ara asumer-ines. Sakkin, seld mi yemmut Aleksander, afakan εawden-as tasuki di 323 Uqbel Talalit n Tmasiḥit.	Aleksander, imi d agellid, yesumer ad yefk idrimen i wakken ad ɛawden lebni n ufakan, maca ur qbilen ara asumer-ines. Sakkin, seld mi yemmut Aleksander, afakan ɛawden-as tasuki di 323 Uqbel Talalit n Tmasiḥit.	ε
dev	480	Γef ukurdiyun, i wakken ad tesεuḍ ugar n ṣṣut, ilaq-ak ad tesxedmeḍ iguclan s ugar n waddad neɣ arured.	Ɣef ukurdiyun, i wakken ad tesɛuḍ ugar n ṣṣut, ilaq-ak ad tesxedmeḍ iguclan s ugar n waddad neɣ arured.	Γ,ε
dev	483	Ineḍfaren tabaεen timamkin n tudert tinelkanin, neɣ irmuden tiṭ-nsen ad sneflin tirmiyin-nni.	Ineḍfaren tabaɛen timamkin n tudert tinelkanin, neɣ irmuden tiṭ-nsen ad sneflin tirmiyin-nni.	ε
dev	484	Udrig nezmer ad tneεqel ɣef talɣiwin niḍen n teflest n usɣan d uεbad s waddad-ines ɣef tirmit tudmawant tusridt n waddad aywan n tefrit, ladɣa tid n uwadem, n talwit, amegzu, n tumert, neɣ ula d win yellan ack-it.	Udrig nezmer ad tneɛqel ɣef talɣiwin niḍen n teflest n usɣan d uɛbad s waddad-ines ɣef tirmit tudmawant tusridt n waddad aywan n tefrit, ladɣa tid n uwadem, n talwit, amegzu, n tumert, neɣ ula d win yellan ack-it.	ε
dev	486	Isixiyen ḥesben taflest-nsen d asɣan ur neqqin ɣer Uhinduyism ɣas akken stεerfen s yiẓuran-is d yinsayen-is Ihinduten.	Isixiyen ḥesben taflest-nsen d asɣan ur neqqin ɣer Uhinduyism ɣas akken stɛerfen s yiẓuran-is d yinsayen-is Ihinduten.	ε
dev	490	Maca ɣer taggara, Kruckef iceggeε isbabbayen iselḥen i wakken ad yerr tasunḍa, yeqbel s kra n isutar idamsanen yerna yeqbel ad yessers Wladislaw Gumulka yettwassnen d aneɣlaf amenzu amaynut.	Maca ɣer taggara, Kruckef iceggeɛ isbabbayen iselḥen i wakken ad yerr tasunḍa, yeqbel s kra n isutar idamsanen yerna yeqbel ad yessers Wladislaw Gumulka yettwassnen d aneɣlaf amenzu amaynut.	ε
dev	491	Taɣeṛma n Uẓaɣar Indus d taɣeṛma n Tallit n Ubṛunz deg umenzaw Ahendi n ugafa i d-ijemεen tuget n Bakistan n tura d kra n temnaḍin n Lhend n ugafa amalu d Afɣanistan n ugafa asamar.	Taɣeṛma n Uẓaɣar Indus d taɣeṛma n Tallit n Ubṛunz deg umenzaw Ahendi n ugafa i d-ijemɛen tuget n Bakistan n tura d kra n temnaḍin n Lhend n ugafa amalu d Afɣanistan n ugafa asamar.	ε
dev	493	Γas akken kra n yimazrayen ɣilen d akken imi tella tɣeṛma ula deg waman n Wasif Sarasbati yekkawen tura, ilaq ad as-ssiwlen Taɣeṛma n Indus-Sarasbati, ma yella kra seg-sen ssawalen-as Taɣeṛma Harabban seld Harabba, amenzu n yidgan yettwaqelleb deg yiseggasen 1920.	Ɣas akken kra n yimazrayen ɣilen d akken imi tella tɣeṛma ula deg waman n Wasif Sarasbati yekkawen tura, ilaq ad as-ssiwlen Taɣeṛma n Indus-Sarasbati, ma yella kra seg-sen ssawalen-as Taɣeṛma Harabban seld Harabba, amenzu n yidgan yettwaqelleb deg yiseggasen 1920.	Γ
dev	494	Aɣbalu aserdasi n tmnekda Taṛumit iεawen deg tneflit n ufara asejjan.	Aɣbalu aserdasi n tmnekda Taṛumit iɛawen deg tneflit n ufara asejjan.	ε
dev	496	Ifettaken zran d akken llan isufar n yiḍes anḍiyen am murfin seg zzariεa n ujiḥbuḍ d skubulamin seg zzariεa n yimɣan.	Ifettaken zran d akken llan isufar n yiḍes anḍiyen am murfin seg zzariɛa n ujiḥbuḍ d skubulamin seg zzariɛa n yimɣan.	ε
dev	498	Γef waṭas n tasutin, tamnekda Taṛumanit teṣṣaweḍ aṭas n lerbaḥ imeqqranen deg unnar n tujjya yerna tessileɣ aṭas n tmussni i nesεa tura.	Ɣef waṭas n tasutin, tamnekda Taṛumanit teṣṣaweḍ aṭas n lerbaḥ imeqqranen deg unnar n tujjya yerna tessileɣ aṭas n tmussni i nesɛa tura.	Γ,ε
dev	499	Urigami n tmurt yeṣfan d urigami yesεan talast d akken yiwen n uḍebbeq kan ilaq ad yilin ɣef tikkelt, aḍebbeq iṣeεben ugar am uḍebbeq meqlubi ur laqen ara, yerna akk aḍebbeq yellan ilaq ad yesεu idgan usriden.	Urigami n tmurt yeṣfan d urigami yesɛan talast d akken yiwen n uḍebbeq kan ilaq ad yilin ɣef tikkelt, aḍebbeq iṣeɛben ugar am uḍebbeq meqlubi ur laqen ara, yerna akk aḍebbeq yellan ilaq ad yesɛu idgan usriden.	ε
dev	500	Yesnulfa-t-id Jun Smit deg iseggasen n 1970 i wakken ad iεiwen imḍebqen ibujaden d wid ur nezmir ad mbiwlen mliḥ.	Yesnulfa-t-id Jun Smit deg iseggasen n 1970 i wakken ad iɛiwen imḍebqen ibujaden d wid ur nezmir ad mbiwlen mliḥ.	ε
dev	508	Aṭṭan n Lexṣaṣ n Urekkez "d aṭṭan n wallaɣ yesεan kraḍ n isekna am wurrif, asedhu, d umbiwel n waṭas neɣ ugar n tsṛeɣt".	Aṭṭan n Lexṣaṣ n Urekkez "d aṭṭan n wallaɣ yesɛan kraḍ n isekna am wurrif, asedhu, d umbiwel n waṭas neɣ ugar n tsṛeɣt".	ε
dev	510	Igerdan s ADD sεan aɣbel n urekkez ɣef tɣawsiwin am yirmuden n uɣerbaz, maca zemren ad rekkzen ɣef tɣawsiwin i ḥemmlen ad xedmen am wurar neɣ aferreǧ n wunuɣen-nsen ittembiwilen smenyifen neɣ tira n tefyirin mebla asigez.	Igerdan s ADD sɛan aɣbel n urekkez ɣef tɣawsiwin am yirmuden n uɣerbaz, maca zemren ad rekkzen ɣef tɣawsiwin i ḥemmlen ad xedmen am wurar neɣ aferreǧ n wunuɣen-nsen ittembiwilen smenyifen neɣ tira n tefyirin mebla asigez.	ε
dev	511	Igerdan-agi seεεun aṭas n yiɣeblan, acku "ṭṭafaren tikliwin timihawin , ttmecččawen, yerna tteddun di nnmara" i wakken ad ssakin allaɣ-nsen, imi allaɣ-nsen ur d-yettaki ara s tarrayin tinamayin.	Igerdan-agi seɛɛun aṭas n yiɣeblan, acku "ṭṭafaren tikliwin timihawin , ttmecččawen, yerna tteddun di nnmara" i wakken ad ssakin allaɣ-nsen, imi allaɣ-nsen ur d-yettaki ara s tarrayin tinamayin.	ε
dev	516	Γef lexlaf n yebkan niḍen, huminids ur ssexdamen ara ifassen-nsen deg umbiwel neɣ deg urfad n wayen ẓẓayen neɣ deg uεelleq si useklu ɣer wayeḍ.	Ɣef lexlaf n yebkan niḍen, huminids ur ssexdamen ara ifassen-nsen deg umbiwel neɣ deg urfad n wayen ẓẓayen neɣ deg uɛelleq si useklu ɣer wayeḍ.	Γ,ε
dev	519	Tisigar n yiɣsan n wufus n sin n yimelyunen ɣer kraḍ n yimelyunen di leεmeṛ-nsent sbanent-d abeddel deg ummuzgen n wufus seg tikli ɣer umbiwel.	Tisigar n yiɣsan n wufus n sin n yimelyunen ɣer kraḍ n yimelyunen di leɛmeṛ-nsent sbanent-d abeddel deg ummuzgen n wufus seg tikli ɣer umbiwel.	ε
dev	521	Ssebba tagejdant n tarat-agi d agemmaḍ n tirga yukin iεeddan akud gar lḥalat REM.	Ssebba tagejdant n tarat-agi d agemmaḍ n tirga yukin iɛeddan akud gar lḥalat REM.	ε
dev	522	S kra n REM deg yiḍ, lḥala-agi anda teṭṭseḍ s tidet yerna anda tesgunfuy tfekka-k tettuɣal teεweq ddeqs-is i wakken ad yili uɣbel.	S kra n REM deg yiḍ, lḥala-agi anda teṭṭseḍ s tidet yerna anda tesgunfuy tfekka-k tettuɣal teɛweq ddeqs-is i wakken ad yili uɣbel.	ε
dev	524	Asemdu icudd ɣer wacḥal n tikkal yeεreḍ wallaɣ-ik ad yargu netta yuki i yiḍ.	Asemdu icudd ɣer wacḥal n tikkal yeɛreḍ wallaɣ-ik ad yargu netta yuki i yiḍ.	ε
dev	723	Γef leḥsab n Fray Bartulumi de las Casas (Tratadu de las Indias) gar 1492 d 1498 imhuras Isbanyuliyen nɣan qrib 100,000 Taynus.	Ɣef leḥsab n Fray Bartulumi de las Casas (Tratadu de las Indias) gar 1492 d 1498 imhuras Isbanyuliyen nɣan qrib 100,000 Taynus.	Γ
dev	881	Yiwen seg wagazen n tezmert n Čarlut, Karulina n Ugafa, d akken teččuṛ d tifranin n tɣaṛa εlayen i twaculin.	Yiwen seg wagazen n tezmert n Čarlut, Karulina n Ugafa, d akken teččuṛ d tifranin n tɣaṛa ɛlayen i twaculin.	ε
dev	890	Ttilint-d tikkwal tirziwin tignawiyin timeẓlayin yettruḥun ɣer daxel n tmurt, i wakken ad alin ɣef yidurar neɣ i wakken ad awḍen ɣer Tezgelt, yesεan azadur ameqqran.	Ttilint-d tikkwal tirziwin tignawiyin timeẓlayin yettruḥun ɣer daxel n tmurt, i wakken ad alin ɣef yidurar neɣ i wakken ad awḍen ɣer Tezgelt, yesɛan azadur ameqqran.	ε
dev	895	Ma ulac maḍi, teḥwaǧeḍ isebbaḍen s temlixin iwulmen. Isebbaḍen n unebdu zgan ttecgen mliḥ ɣef ugris d udfel, ula d kra n isebbaḍen n tegrest ur mεinen ara.	Ma ulac maḍi, teḥwaǧeḍ isebbaḍen s temlixin iwulmen. Isebbaḍen n unebdu zgan ttecgen mliḥ ɣef ugris d udfel, ula d kra n isebbaḍen n tegrest ur mɛinen ara.	ε
dev	897	Kra n yisebbaḍen n tegrest ilaq ad sεun imesmaṛen yerna yella warrum n tmerna ttsemmiṛen i tegnatin n tuccga, iwulmen i tuget n yisebbaḍen d isebbaḍen n tegrest, i yigerzan neɣ i yigerzan d temlixin.	Kra n yisebbaḍen n tegrest ilaq ad sɛun imesmaṛen yerna yella warrum n tmerna ttsemmiṛen i tegnatin n tuccga, iwulmen i tuget n yisebbaḍen d isebbaḍen n tegrest, i yigerzan neɣ i yigerzan d temlixin.	ε
dev	907	Sεan s wudem anamay tamuli εlayen s tɣara n umeẓlu tamawayt. Ttwasneglen dɣa yewεer ugar ad sɣallayen fell-asen.	Sɛan s wudem anamay tamuli ɛlayen s tɣara n umeẓlu tamawayt. Ttwasneglen dɣa yewɛer ugar ad sɣallayen fell-asen.	ε
dev	908	Tikebbaniyin n usneɣmes zgant skiddibent ɣef yiswi n waya, imi qqaren-d d akken yella-d i wakken ad "qeḍeεen tudert tabaḍnit".	Tikebbaniyin n usneɣmes zgant skiddibent ɣef yiswi n waya, imi qqaren-d d akken yella-d i wakken ad "qeḍeɛen tudert tabaḍnit".	ε
dev	909	Di tilawt, ingalen n temnaḍin ur sεin ara akk asemdu ɣef tenɣelt taruzrift; tanɣelt n telɣut-s-telɣut n uḍebsi ad telḥu akken iwata deg yal tamacint anda ad ilḥu uẓaṛan.	Di tilawt, ingalen n temnaḍin ur sɛin ara akk asemdu ɣef tenɣelt taruzrift; tanɣelt n telɣut-s-telɣut n uḍebsi ad telḥu akken iwata deg yal tamacint anda ad ilḥu uẓaṛan.	ε
dev	910	Iswi n tidet d asiǧhed n tkebbaniyin-agi, ad sεunt ugar n tezmert ɣef wulzuzen-nsen; d tuzzya kan n yidrimen.	Iswi n tidet d asiǧhed n tkebbaniyin-agi, ad sɛunt ugar n tezmert ɣef wulzuzen-nsen; d tuzzya kan n yidrimen.	ε
dev	912	Ur d-ssuturen ara daɣen ad tesεuḍ uṭṭun adigan seg tmazdayt anda tzedɣeḍ; tzemreḍ ad tesεuḍ tuqqna Internet n ugensa deg tẓegwa n Uyaẓiḍ, Alaska yerna ad tferneḍ uṭṭun i d-yesbanayen d akken telliḍ ddaw n yiṭij n Arizuna.	Ur d-ssuturen ara daɣen ad tesɛuḍ uṭṭun adigan seg tmazdayt anda tzedɣeḍ; tzemreḍ ad tesɛuḍ tuqqna Internet n ugensa deg tẓegwa n Uyaẓiḍ, Alaska yerna ad tferneḍ uṭṭun i d-yesbanayen d akken telliḍ ddaw n yiṭij n Arizuna.	ε
dev	915	Kra seg yesnasen deg taggayt-agi zemren ad ssuɣlen ula d iḍrisen deg tutlayin tibeṛṛaniyin ɣef yesɣilen neɣ tiɣawsiwin niḍen deg tilawt mi ara d-yessewεed usemras tiliɣṛi ɣer tɣawsiwin-nni.	Kra seg yesnasen deg taggayt-agi zemren ad ssuɣlen ula d iḍrisen deg tutlayin tibeṛṛaniyin ɣef yesɣilen neɣ tiɣawsiwin niḍen deg tilawt mi ara d-yessewɛed usemras tiliɣṛi ɣer tɣawsiwin-nni.	ε
dev	919	Yezmer ad yejmeε idrimen s tiɣin n tkarḍiwin timaynutin i GBS, neɣ tamacint timanit GBS neɣ lekra n yiwen seg tkebbanit n lekra n tkeryas.	Yezmer ad yejmeɛ idrimen s tiɣin n tkarḍiwin timaynutin i GBS, neɣ tamacint timanit GBS neɣ lekra n yiwen seg tkebbanit n lekra n tkeryas.	ε
dev	920	Ma yella ur tesεiḍ ara tuqqna n yisefka i tiluɣṛi-inek, neɣ mi ur tzemmreḍ ara ad teṭṭfeḍ, aselḥu-nsen yezmer ad yesεu tilas neɣ ur yettili ara.	Ma yella ur tesɛiḍ ara tuqqna n yisefka i tiluɣṛi-inek, neɣ mi ur tzemmreḍ ara ad teṭṭfeḍ, aselḥu-nsen yezmer ad yesɛu tilas neɣ ur yettili ara.	ε
dev	922	Imi tuget n tkarḍin lhant i usiwel anda id ak-yehwa, kra muzzgen deg tikci n yifmiḍiyen imeεnen n ussiwel i yigrawen usdiden n tmura.	Imi tuget n tkarḍin lhant i usiwel anda id ak-yehwa, kra muzzgen deg tikci n yifmiḍiyen imeɛnen n ussiwel i yigrawen usdiden n tmura.	ε
dev	924	Ilugan yeεnan aṣewwer umṛis εnan ula asurret n ufidyu, ahat ugar n waya.	Ilugan yeɛnan aṣewwer umṛis ɛnan ula asurret n ufidyu, ahat ugar n waya.	ε
dev	929	Tikkwal yiwen n wafug yezmer ad yesεu sswami yemgaraden mliḥ ɣer waṭas n yismal yerna ilaq ad txellseḍ aserwes igemmaḍen n unadi akked uwali deg yismal web n tkebbanit n isufag s timmad-is send aḥeṛṛi.	Tikkwal yiwen n wafug yezmer ad yesɛu sswami yemgaraden mliḥ ɣer waṭas n yismal yerna ilaq ad txellseḍ aserwes igemmaḍen n unadi akked uwali deg yismal web n tkebbanit n isufag s timmad-is send aḥeṛṛi.	ε
dev	930	Γas akken ur tetteḥwiǧiḍ ara afiza i uḥewwes wezzilen ɣer kra n tmura d amerray neɣ i uxeddim, ma yella truḥeḍ d anelmad agraɣlan ad ak-d-ssutren s umata akud n yiɣimi ɣezzifen ɣef ma yella truḥeḍ d amerray kan umṛis.	Ɣas akken ur tetteḥwiǧiḍ ara afiza i uḥewwes wezzilen ɣer kra n tmura d amerray neɣ i uxeddim, ma yella truḥeḍ d anelmad agraɣlan ad ak-d-ssutren s umata akud n yiɣimi ɣezzifen ɣef ma yella truḥeḍ d amerray kan umṛis.	Γ
dev	938	Γas akken asefqed n yinig yezga iɣab neɣ yettili-d kan d lwajeb mi ad tawḍeḍ ɣer tmurt-ik, yezmer ad yili usefqed n tdawna d asawen.	Ɣas akken asefqed n yinig yezga iɣab neɣ yettili-d kan d lwajeb mi ad tawḍeḍ ɣer tmurt-ik, yezmer ad yili usefqed n tdawna d asawen.	Γ
dev	944	Tezmer ad tili daɣen d tamamekt yelhan i wakken ad tjemεeḍ ugar n yidrimen i wakken ad teqqimeḍ akud ɣezzifen anda tufiḍ imi aṭas n leqdicat n yiwaziwen ttaken taxxamt d wučči yerna kra ttxelliṣen ciṭ.	Tezmer ad tili daɣen d tamamekt yelhan i wakken ad tjemɛeḍ ugar n yidrimen i wakken ad teqqimeḍ akud ɣezzifen anda tufiḍ imi aṭas n leqdicat n yiwaziwen ttaken taxxamt d wučči yerna kra ttxelliṣen ciṭ.	ε
dev	945	Ifikingen llan ttaṭṭafen iberdan n ussilel Irussiyen i wakken ad awḍen ɣer Yilel Aberkan akked Yilel Akasbyan. Mazal zemren yemdanen ad awin iḥricen n yiberdan-agi. Walit acu n ttesriḥat imeẓliyen i tzemrem ad tiḥwiǧem, iweεren i wakken ahat ad ten-id-awiḍ.	Ifikingen llan ttaṭṭafen iberdan n ussilel Irussiyen i wakken ad awḍen ɣer Yilel Aberkan akked Yilel Akasbyan. Mazal zemren yemdanen ad awin iḥricen n yiberdan-agi. Walit acu n ttesriḥat imeẓliyen i tzemrem ad tiḥwiǧem, iweɛren i wakken ahat ad ten-id-awiḍ.	ε
dev	949	S wudem anamay ad tesserseḍ ulɣu d akken tebɣiḍ ad tεiwneḍ, ad tnadiḍ akk ignennayen, ad tqerbeḍ ɣer yemdanen yessizdigen iɣeṛṛuba-nsen, ad tεerḍeḍ ad temmeslayeḍ akked yemsilal di ttberna, atg.	S wudem anamay ad tesserseḍ ulɣu d akken tebɣiḍ ad tɛiwneḍ, ad tnadiḍ akk ignennayen, ad tqerbeḍ ɣer yemdanen yessizdigen iɣeṛṛuba-nsen, ad tɛerḍeḍ ad temmeslayeḍ akked yemsilal di ttberna, atg.	ε
dev	950	Ɛreḍ ad temmeslayeḍ i waṭas n yemdanen i tewεiḍ. Seld ciṭ n wakud ad k-issinen akk dinna dɣa ad ak-wehhin ɣer uɣeṛṛabu yeḥwaǧen amεiwen.	Ɛreḍ ad temmeslayeḍ i waṭas n yemdanen i tewɛiḍ. Seld ciṭ n wakud ad k-issinen akk dinna dɣa ad ak-wehhin ɣer uɣeṛṛabu yeḥwaǧen amɛiwen.	ε
dev	952	Γas akken ad tɣileḍ d akken d amagnu ad tedduḍ akked tkebbanit n isufag i tennumeḍ, ilaq ad teẓreḍ d akken iglamen i d-tettak zgan mgaraden yerna tineqqiḍin n tekdit zemrent ad arnunt ugar deg tkebbanit n isufag niḍen yemgaraden deg yiwet n temsisit.	Ɣas akken ad tɣileḍ d akken d amagnu ad tedduḍ akked tkebbanit n isufag i tennumeḍ, ilaq ad teẓreḍ d akken iglamen i d-tettak zgan mgaraden yerna tineqqiḍin n tekdit zemrent ad arnunt ugar deg tkebbanit n isufag niḍen yemgaraden deg yiwet n temsisit.	Γ
dev	953	Tikebbaniyin n isufag am Emirats, Afug Itiḥad, Afug Qatar d Tkebbaniyin n isufag Tiṭurkiyin swesεent mliḥ imeẓla-nsent ɣer Tefṛiqt, yerna sutrent tuqqna akked waṭas n temdinin Tifṛiqiyin timeqqranin s sswami yessenkaren timenyugert akked tikebbaniyin n isufag Tuṛufiyin.	Tikebbaniyin n isufag am Emirats, Afug Itiḥad, Afug Qatar d Tkebbaniyin n isufag Tiṭurkiyin swesɛent mliḥ imeẓla-nsent ɣer Tefṛiqt, yerna sutrent tuqqna akked waṭas n temdinin Tifṛiqiyin timeqqranin s sswami yessenkaren timenyugert akked tikebbaniyin n isufag Tuṛufiyin.	ε
dev	955	Ma yella tesεiḍ akud n yinig n tmerna, wali ssuma tummidt ɣer Tefṛiqt dɣa serwes-itt akked ssuma n yinig ɣer yakk amaḍal.	Ma yella tesɛiḍ akud n yinig n tmerna, wali ssuma tummidt ɣer Tefṛiqt dɣa serwes-itt akked ssuma n yinig ɣer yakk amaḍal.	ε
dev	957	Ma yella tebɣiḍ ad tezziḍ s wafug amaḍal s wudem ummid deg Tama n Unẓul, tafrant n yisufag d yidgan tesεa tilas imi xuṣṣen iberdan izegren ilel.	Ma yella tebɣiḍ ad tezziḍ s wafug amaḍal s wudem ummid deg Tama n Unẓul, tafrant n yisufag d yidgan tesɛa tilas imi xuṣṣen iberdan izegren ilel.	ε
dev	971	Ladɣa, anagraw n wuṭṭunen deg Beljik d Swiss yettmeslayen Tafranṣiṣt yesεa ciṭ n tulmisin yemgaraden si Tefranṣiṣt ttmeslayen di Franṣa, yerna asenṭeq n kra n wawalen yemgarad cwiṭ.	Ladɣa, anagraw n wuṭṭunen deg Beljik d Swiss yettmeslayen Tafranṣiṣt yesɛa ciṭ n tulmisin yemgaraden si Tefranṣiṣt ttmeslayen di Franṣa, yerna asenṭeq n kra n wawalen yemgarad cwiṭ.	ε
dev	973	Deg waṭas n tamiwin n umaḍal, asewεed d asekni n tdukkli, anamek-is "azul".	Deg waṭas n tamiwin n umaḍal, asewɛed d asekni n tdukkli, anamek-is "azul".	ε
dev	975	Akka daɣen, amessikel Abriṭani di Sbanyul yezmer ad yeɣleḍ ad yessewεed s ufus-is ar tufat anda tidikelt twehha ɣer-s netta s win yessewεaden (wala amdan i wumi yessewεad) d asekni i wakken ad d-yuɣal.	Akka daɣen, amessikel Abriṭani di Sbanyul yezmer ad yeɣleḍ ad yessewɛed s ufus-is ar tufat anda tidikelt twehha ɣer-s netta s win yessewɛaden (wala amdan i wumi yessewɛad) d asekni i wakken ad d-yuɣal.	ε
dev	976	Tutlayin tisnawanin d tutlayin tuɣrifin neɣ d tutlayin n tsuki i d-yennulfan s lebɣi n usishel n teywalt gar yegduden neɣ ma ulac ad sεun ilɣi i wakken ad selɣun.	Tutlayin tisnawanin d tutlayin tuɣrifin neɣ d tutlayin n tsuki i d-yennulfan s lebɣi n usishel n teywalt gar yegduden neɣ ma ulac ad sɛun ilɣi i wakken ad selɣun.	ε
dev	979	Ayagi yezmer ad yili d amihi ma yella umessikel yeḍfer ashetref-is, ad yesruḥ akk tasaṛeɣt-is yesεan azal d waman is-d-yegran.	Ayagi yezmer ad yili d amihi ma yella umessikel yeḍfer ashetref-is, ad yesruḥ akk tasaṛeɣt-is yesɛan azal d waman is-d-yegran.	ε
dev	982	Γas akken ad tleḥḥuḍ deg teẓgi tatṛubikant, ciṭ kan n tasinin s tewwura yeldin i wakken kan ad trekbeḍ daxel n tkeṛṛust deqs n wakud i tidasin i wakken ad kecment yid-k daxel n tkeṛṛust.	Ɣas akken ad tleḥḥuḍ deg teẓgi tatṛubikant, ciṭ kan n tasinin s tewwura yeldin i wakken kan ad trekbeḍ daxel n tkeṛṛust deqs n wakud i tidasin i wakken ad kecment yid-k daxel n tkeṛṛust.	Γ
dev	986	Ayen yettwassnen di Nuṛwi d Fjurds d tiluta εlayen i yeǧǧan amekkan kan akka i ugni εlayen akka ciṭ.	Ayen yettwassnen di Nuṛwi d Fjurds d tiluta ɛlayen i yeǧǧan amekkan kan akka i ugni ɛlayen akka ciṭ.	ε
devtest	0	"Tura nesεa tiɣeṛdayin n 4 n wagguren di leεmeṛ-nsent ur nesεi aṭṭan n skeṛ yuḍnen zik skeṛ," i d-yerna.	"Tura nesɛa tiɣeṛdayin n 4 n wagguren di leɛmeṛ-nsent ur nesɛi aṭṭan n skeṛ yuḍnen zik skeṛ," i d-yerna.	ε
devtest	1	Amejjay Ehud Ur, aselmad n tujjya deg Tesdawit Dalhusi di Halifaks, Tikuṣt Tamaynut yerna d aselway n taẓunt taklinikt d tussnant n Tddukla Takanadyant n Waṭṭan n Skeṛ iεeggen-d d akken tagmi mazal-itt deg ussan-is imenza.	Amejjay Ehud Ur, aselmad n tujjya deg Tesdawit Dalhusi di Halifaks, Tikuṣt Tamaynut yerna d aselway n taẓunt taklinikt d tussnant n Tddukla Takanadyant n Waṭṭan n Skeṛ iɛeggen-d d akken tagmi mazal-itt deg ussan-is imenza.	ε
devtest	2	Am yimusnawen niḍen, yella deg ul-is ccek ɣef ma yella dɣa d saḥ aṭṭan n skeṛ yesεa dwa-s, imi neẓra d akken igemmuḍen-agi ur εnin ara imdanen yesεan aṭṭan n skeṛ n Wanaw 1 yakkan.	Am yimusnawen niḍen, yella deg ul-is ccek ɣef ma yella dɣa d saḥ aṭṭan n skeṛ yesɛa dwa-s, imi neẓra d akken igemmuḍen-agi ur ɛnin ara imdanen yesɛan aṭṭan n skeṛ n Wanaw 1 yakkan.	ε
devtest	3	Deg wass n Warim, Sara Danyus, tamarayt tameɣlalt n Usmil Nubel n Tsekla deg Tesgrasnawit Taswidit, tberreḥ-d εinani deg wahil n ṛṛadyu di Ṛṛadyu Sferiges di Swid asmil, ur yessaweḍ ara ad yeṭṭef Bub Dilan srid mi yerbeḥ Araz Nubel n Tsekla n 2016, dayen bran-as i wussis i wakken ad t-id-ṭfen.	Deg wass n Warim, Sara Danyus, tamarayt tameɣlalt n Usmil Nubel n Tsekla deg Tesgrasnawit Taswidit, tberreḥ-d ɛinani deg wahil n ṛṛadyu di Ṛṛadyu Sferiges di Swid asmil, ur yessaweḍ ara ad yeṭṭef Bub Dilan srid mi yerbeḥ Araz Nubel n Tsekla n 2016, dayen bran-as i wussis i wakken ad t-id-ṭfen.	ε
devtest	4	Tenna-d Danyus, "Tura akka ur nxeddem acemma. Ssawleɣ yerna ceggεeɣ iznan iliktruniyen i yecriken-is iqriben mliḥ yerna neṭṭef tiririyin tiḥmayanin. Di teswiεt-agi, iga lεum s tidet."	Tenna-d Danyus, "Tura akka ur nxeddem acemma. Ssawleɣ yerna ceggɛeɣ iznan iliktruniyen i yecriken-is iqriben mliḥ yerna neṭṭef tiririyin tiḥmayanin. Di teswiɛt-agi, iga lɛum s tidet."	ε
devtest	8	Γer taggara n 2017, Siminuff iban-d deg umaṭṭaf n tiliẓṛi KFS.	Ɣer taggara n 2017, Siminuff iban-d deg umaṭṭaf n tiliẓṛi KFS.	Γ
devtest	12	Deg uεraḍ BALM, ZMabb yella-d d tirmit tagejdant, aya yebɣa ad yini d akken imusnawen ssexdamen-t am lsas dɣa sserwasen ddwawat niḍen ɣer-s.	Deg uɛraḍ BALM, ZMabb yella-d d tirmit tagejdant, aya yebɣa ad yini d akken imusnawen ssexdamen-t am lsas dɣa sserwasen ddwawat niḍen ɣer-s.	ε
devtest	14	Nedda d wawal i d-yennan d akken nnfeε n yinaddalen-neɣ d isriren-neɣ, d waddal-nsen, ad yili d amaway ma nuẓa ɣer zdat s ubeddel imeεnen di tuddsa-neɣ, wala s uḥbas n umtawi.	Nedda d wawal i d-yennan d akken nnfeɛ n yinaddalen-neɣ d isriren-neɣ, d waddal-nsen, ad yili d amaway ma nuẓa ɣer zdat s ubeddel imeɛnen di tuddsa-neɣ, wala s uḥbas n umtawi.	ε
devtest	16	USA Gymnastics d USUS sεan yiwen n yiswi - ad arren addal-agi n gimnastik, d wiyyaḍ, d at tɣellist alma d ulamek i wakken ad ḍefren inaddalen tirga-nsen deg adeg n tɣellist, ufrir d win i d-yettaken tabɣest.	USA Gymnastics d USUS sɛan yiwen n yiswi - ad arren addal-agi n gimnastik, d wiyyaḍ, d at tɣellist alma d ulamek i wakken ad ḍefren inaddalen tirga-nsen deg adeg n tɣellist, ufrir d win i d-yettaken tabɣest.	ε
devtest	17	Deg useggas n 1960, Brzezinski yexdem ɣer Jun F. Kennedi d amendaṛ mbaεd yexdem di tedbelt n Lindun B. Junsun.	Deg useggas n 1960, Brzezinski yexdem ɣer Jun F. Kennedi d amendaṛ mbaɛd yexdem di tedbelt n Lindun B. Junsun.	ε
devtest	19	Mi yella d ATT, iεawen Karter deg usefrek n leqdicat n umaḍal s wudem amesnassaɣ, am Imsisan Kamb Dafid, 1978; s uslugen n wassaɣen ger Marikan-Cinwa ɣer taggara n 1970; Tagrawla n Iran, i d-yeglan s tezɣent n umerhun Irani, 1979; d unbaz Asufyiti di Afɣanistan, 1979.	Mi yella d ATT, iɛawen Karter deg usefrek n leqdicat n umaḍal s wudem amesnassaɣ, am Imsisan Kamb Dafid, 1978; s uslugen n wassaɣen ger Marikan-Cinwa ɣer taggara n 1970; Tagrawla n Iran, i d-yeglan s tezɣent n umerhun Irani, 1979; d unbaz Asufyiti di Afɣanistan, 1979.	ε
devtest	25	Aberreḥ yella-d mbaεd mi yehḍer Trumb di tiliɣṛi akked Uselway Atuṛki Reseb Tayyib Erdugan.	Aberreḥ yella-d mbaɛd mi yehḍer Trumb di tiliɣṛi akked Uselway Atuṛki Reseb Tayyib Erdugan.	ε
devtest	26	Ṭuṛk ula d nettat ad teṭṭef nnuba-s deg uqareε n yimnaɣen ISIS wid, amek i yella deg uberreḥ, i ugin iɣlalen Urfiyen ad jemεen ɣer-sen.	Ṭuṛk ula d nettat ad teṭṭef nnuba-s deg uqareɛ n yimnaɣen ISIS wid, amek i yella deg uberreḥ, i ugin iɣlalen Urfiyen ad jemɛen ɣer-sen.	ε
devtest	27	Ay-agi ur d-iwekked ara kan d akken ma drus maḍi kra n yidinuẓuren sεan rric, d yiwet n tiẓṛi yucaεen, maca yegla-d s kra n ttfaṣil ur zmiren ad mlen ifuṣilen s umata, am yini d ubraz n tiddi tis kraḍ.	Ay-agi ur d-iwekked ara kan d akken ma drus maḍi kra n yidinuẓuren sɛan rric, d yiwet n tiẓṛi yucaɛen, maca yegla-d s kra n ttfaṣil ur zmiren ad mlen ifuṣilen s umata, am yini d ubraz n tiddi tis kraḍ.	ε
devtest	28	Imusnawen qqaren-d d akken rric n uɣerṣiw-agi d aqehwi s ufella d aceεlal neɣ am yini n carutenuyid s daxel.	Imusnawen qqaren-d d akken rric n uɣerṣiw-agi d aqehwi s ufella d aceɛlal neɣ am yini n carutenuyid s daxel.	ε
devtest	30	Imi rric n yidinuẓuren ur yennerna ara ujgu-nsen, i wumi qqaren ajgu alemmas, maca yesεa tulmisin niḍen n rric - ibarben d ibarbulen - inagmayen fehmen d akken ajgu alemmas am ahat taneflit n temhazt iεeṭlen maci am tulmisin niḍen.	Imi rric n yidinuẓuren ur yennerna ara ujgu-nsen, i wumi qqaren ajgu alemmas, maca yesɛa tulmisin niḍen n rric - ibarben d ibarbulen - inagmayen fehmen d akken ajgu alemmas am ahat taneflit n temhazt iɛeṭlen maci am tulmisin niḍen.	ε
devtest	31	Taɣessa n rric temla-d d akken ur ttwaxdamen ara i wafug maca i useεdel neɣ i tumla n teẓɣelt.	Taɣessa n rric temla-d d akken ur ttwaxdamen ara i wafug maca i useɛdel neɣ i tumla n teẓɣelt.	ε
devtest	35	Tamsulta tenna-d d akken cukken deg yiwen i d-nnan d ameɣnas n Daεec (ISIL) d netta i d amasay n tummɣa-agi.	Tamsulta tenna-d d akken cukken deg yiwen i d-nnan d ameɣnas n Daɛec (ISIL) d netta i d amasay n tummɣa-agi.	ε
devtest	42	Ay-agi yeǧǧa-t ad yili yemṣadan mezgalu akked 802.11a, 802.11b d 802.11g, ilaq kan ad tesεu taɣsert n usadur snat n ṛṛadyuwat.	Ay-agi yeǧǧa-t ad yili yemṣadan mezgalu akked 802.11a, 802.11b d 802.11g, ilaq kan ad tesɛu taɣsert n usadur snat n ṛṛadyuwat.	ε
devtest	44	Dufall, izewǧen s sin n warraw-is imengaḍen, ur yeεǧib ara i Miller, uɣur tcudd teqṣiṭ.	Dufall, izewǧen s sin n warraw-is imengaḍen, ur yeɛǧib ara i Miller, uɣur tcudd teqṣiṭ.	ε
devtest	51	Iεeggen d akken ur yelli d acu ad iḍemnen d akken ad tili tigawt di Ɛiraq ad yesḥebsen traḍ n yigrawen, takriṭ yettnernin, neɣ aɣelluy ɣer uhetwir.	Iɛeggen d akken ur yelli d acu ad iḍemnen d akken ad tili tigawt di Ɛiraq ad yesḥebsen traḍ n yigrawen, takriṭ yettnernin, neɣ aɣelluy ɣer uhetwir.	ε
devtest	53	Aṛabul isenqed mliḥ yal timeẓṛi n tsertit-agi n tura n Uselkam ɣef ayen yeεnan Ɛiraq yerna yeḥwaǧ abeddel dindin n tnila.	Aṛabul isenqed mliḥ yal timeẓṛi n tsertit-agi n tura n Uselkam ɣef ayen yeɛnan Ɛiraq yerna yeḥwaǧ abeddel dindin n tnila.	ε
devtest	55	Tasinatuṛt n tura d Tmeṭṭut Tamenzut n Arjentin Kristina Fernandez de Kircner tberreḥ-d s tbeddit-is taselwayant tameddit n yiḍelli di La Blata, tamdint ibeεden s 50 ikilumiṭren (31 n yimaylen) ɣef Bwenu Airs.	Tasinatuṛt n tura d Tmeṭṭut Tamenzut n Arjentin Kristina Fernandez de Kircner tberreḥ-d s tbeddit-is taselwayant tameddit n yiḍelli di La Blata, tamdint ibeɛden s 50 ikilumiṭren (31 n yimaylen) ɣef Bwenu Airs.	ε
devtest	57	Askasi icεel-d s uzernen yellan ɣef udrim yettuṣeṛṛfen ɣef ussukkes d wallus n tmeṣkiwt mi d-ban Tbuciḍant Katrina; i wumi sawalen kra n yimagaẓen n tedrimt s usaran "Aɣawas n Nyu Urliyan n Buc".	Askasi icɛel-d s uzernen yellan ɣef udrim yettuṣeṛṛfen ɣef ussukkes d wallus n tmeṣkiwt mi d-ban Tbuciḍant Katrina; i wumi sawalen kra n yimagaẓen n tedrimt s usaran "Aɣawas n Nyu Urliyan n Buc".	ε
devtest	63	Inmezruyen zeɣnen imsulta n FBI iqdimen imi sḥerṣen ɣef yiweẓla yesεan tifrat isehlen, ladɣa iweẓla n tkeṛṛyas yettwakren, tiṭ-nsen ad ssalin afmiḍi n rbeḥ n tesnurayt.	Inmezruyen zeɣnen imsulta n FBI iqdimen imi sḥerṣen ɣef yiweẓla yesɛan tifrat isehlen, ladɣa iweẓla n tkeṛṛyas yettwakren, tiṭ-nsen ad ssalin afmiḍi n rbeḥ n tesnurayt.	ε
devtest	65	Rubin Utaba yeṣṣaweḍ tineqqiḍin εlayen akk deg tuzzya s uεekkaz deg Ubazball, 70 n tuzzyiwin s 41 n tkurin kan imi yeṣṣaweḍ 11 n wukkuẓen d 2 n yiseddisen.	Rubin Utaba yeṣṣaweḍ tineqqiḍin ɛlayen akk deg tuzzya s uɛekkaz deg Ubazball, 70 n tuzzyiwin s 41 n tkurin kan imi yeṣṣaweḍ 11 n wukkuẓen d 2 n yiseddisen.	ε
devtest	66	Wid yekkaten takurt s uεekkaz ilemmasen, Sacin Tendulkar d Rahul Drafid, uraren akken iwata yerna rran tadukli n mya.	Wid yekkaten takurt s uɛekkaz ilemmasen, Sacin Tendulkar d Rahul Drafid, uraren akken iwata yerna rran tadukli n mya.	ε
devtest	70	Seld dduṛt n lexṣara deg tefranin n uzgen n tanabadt, Buc ixeber-d imsefliden ɣef asewseε n umbeddel di Asya.	Seld dduṛt n lexṣara deg tefranin n uzgen n tanabadt, Buc ixeber-d imsefliden ɣef asewseɛ n umbeddel di Asya.	ε
devtest	71	Aneɣlaf Amenzu Stefen Harber yeqbel ad iceggeε 'Arra n Umtawa' i Usmil n yak ikabaren i wakken as-εawden tamuɣli, uqbel taɣuri-ines tis snat, seld timlilit n 25 n tesdatin n wass n Aram akked uɣella n NDB Jak Laytun deg BMU.	Aneɣlaf Amenzu Stefen Harber yeqbel ad iceggeɛ 'Arra n Umtawa' i Usmil n yak ikabaren i wakken as-ɛawden tamuɣli, uqbel taɣuri-ines tis snat, seld timlilit n 25 n tesdatin n wass n Aram akked uɣella n NDB Jak Laytun deg BMU.	ε
devtest	75	Γef leḥsab n warid aneggaru, taɣuri n yeswir n yilel yemla-d d akken ixleq-d atsunami. Skelsen-d kra n urmud n tsunami s wudem anelkan zdat n Bagu Bagu d Niue.	Ɣef leḥsab n warid aneggaru, taɣuri n yeswir n yilel yemla-d d akken ixleq-d atsunami. Skelsen-d kra n urmud n tsunami s wudem anelkan zdat n Bagu Bagu d Niue.	Γ
devtest	76	Ur d-ssawḍen ara kra n lexṣara neɣ ljerḥ meqqren di Tunga, maca truḥ trisiti i ciṭ n wakud, akken i d-nnan d ayen yeṭṭfen imsulta n Tungan i wakken ad remsen aεeggen i d-suffɣen BTWC.	Ur d-ssawḍen ara kra n lexṣara neɣ ljerḥ meqqren di Tunga, maca truḥ trisiti i ciṭ n wakud, akken i d-nnan d ayen yeṭṭfen imsulta n Tungan i wakken ad remsen aɛeggen i d-suffɣen BTWC.	ε
devtest	77	Mray d ukkuẓ n yiɣerbazen di Hawaii i d-yezgan ɣef teftisin neɣ zdat-sent ɣelqen ula de wass n Ahad xas akken iεedda uεeggen.	Mray d ukkuẓ n yiɣerbazen di Hawaii i d-yezgan ɣef teftisin neɣ zdat-sent ɣelqen ula de wass n Ahad xas akken iɛedda uɛeggen.	ε
devtest	83	Agmam wis Ṭẓa, anda d-yella uḥemmal n waman yewḍen 20 n yiḍaren deg Tbuciḍant Katrina, tura akka aman deg-s ttawḍen-d ɣer wammas imi iεedda taseɣlit iqerben.	Agmam wis Ṭẓa, anda d-yella uḥemmal n waman yewḍen 20 n yiḍaren deg Tbuciḍant Katrina, tura akka aman deg-s ttawḍen-d ɣer wammas imi iɛedda taseɣlit iqerben.	ε
devtest	85	Anedbal amezdi Adam Kwerden yemla-d d akken ur s-d-yeεǧib ara lḥal imi yettwamḥa mi yemmeslay i Wikinyuz aggur iεeddan.	Anedbal amezdi Adam Kwerden yemla-d d akken ur s-d-yeɛǧib ara lḥal imi yettwamḥa mi yemmeslay i Wikinyuz aggur iɛeddan.	ε
devtest	86	"Netta [Wales] yeskaddeb fell-aɣ si tazwara. Di tazwara, imi yerra iman-is amzun ay-agi yella-d i sebbat tuzrifin. Tis snat, imi yesnaεmal yesla-aɣ-d, alama d tukksa n tẓuri-ines."	"Netta [Wales] yeskaddeb fell-aɣ si tazwara. Di tazwara, imi yerra iman-is amzun ay-agi yella-d i sebbat tuzrifin. Tis snat, imi yesnaɛmal yesla-aɣ-d, alama d tukksa n tẓuri-ines."	ε
devtest	94	Tinbaḍin tidiganin εeggnent i yimezdaɣ yellan di tnarga n tneɣraft ad qqimen s daxel n yixxamen-nsen, ad sexsin arumen n waḍu yerna ur tessen ara aman n tbernint.	Tinbaḍin tidiganin ɛeggnent i yimezdaɣ yellan di tnarga n tneɣraft ad qqimen s daxel n yixxamen-nsen, ad sexsin arumen n waḍu yerna ur tessen ara aman n tbernint.	ε
devtest	95	Γef leḥsab n tengit timiɣest n Jabu, ufan-d kasyum d ayudin iradyuaktifen di tneɣraft.	Ɣef leḥsab n tengit timiɣest n Jabu, ufan-d kasyum d ayudin iradyuaktifen di tneɣraft.	Γ
devtest	98	Deg yiwet n temlilit, yenna-d d akken anaw-agi amaynut "d amihaw yerna yewεer maci d kra acku afmiḍi n tmettant yuli mliḥ."	Deg yiwet n temlilit, yenna-d d akken anaw-agi amaynut "d amihaw yerna yewɛer maci d kra acku afmiḍi n tmettant yuli mliḥ."	ε
devtest	108	Tamejjayt Malar Balasubramanian, 29, ufan-tt di Blu Ac, Uhayu, ɣer rrif n temdint tamudi 15 n yimaylen deg ugafa n Sinsinnati teẓẓel di lqaεa ɣer tama n ubrid telsa atriku d iceṭṭiḍen n daxel tettban tesswa aṭas n yisufar.	Tamejjayt Malar Balasubramanian, 29, ufan-tt di Blu Ac, Uhayu, ɣer rrif n temdint tamudi 15 n yimaylen deg ugafa n Sinsinnati teẓẓel di lqaɛa ɣer tama n ubrid telsa atriku d iceṭṭiḍen n daxel tettban tesswa aṭas n yisufar.	ε
devtest	109	Tewehha i yifesyanen abrid ɣer Tkeṛṛust-is taberkant Uldsmubil Intrig ibeεden s 500 n lmitrat kan.	Tewehha i yifesyanen abrid ɣer Tkeṛṛust-is taberkant Uldsmubil Intrig ibeɛden s 500 n lmitrat kan.	ε
devtest	114	Tazitmurt teǧǧa anabaḍ Ahendi ad yeddem tigawin am uceggeε n wid ad yeṭṭfen ilfan deg tamiwin yenṭaren, afraq n yigiman n yisebran mgal tizitt d ireccacen n dwa n tizitt.	Tazitmurt teǧǧa anabaḍ Ahendi ad yeddem tigawin am uceggeɛ n wid ad yeṭṭfen ilfan deg tamiwin yenṭaren, afraq n yigiman n yisebran mgal tizitt d ireccacen n dwa n tizitt.	ε
devtest	115	Anabaḍ iṛeggem imelyanen n tqaṛuṛin n tgezzayin n unsifalitis, d ayen ad iεiwnen tisnuray n tdawsa ad heggint i useggas i d-iteddun.	Anabaḍ iṛeggem imelyanen n tqaṛuṛin n tgezzayin n unsifalitis, d ayen ad iɛiwnen tisnuray n tdawsa ad heggint i useggas i d-iteddun.	ε
devtest	119	Imi tzad tɣaṛa n umahil-is mačči d kra yerna d usdid yella-d gar "yismawen n twacult" drusen maḍi ɣer wid ijemmεen tifagurin. Kra muzzgen deg unejmuε n umahil-is kan.	Imi tzad tɣaṛa n umahil-is mačči d kra yerna d usdid yella-d gar "yismawen n twacult" drusen maḍi ɣer wid ijemmɛen tifagurin. Kra muzzgen deg unejmuɛ n umahil-is kan.	ε
devtest	122	Seld mi d-teḍra twaɣit, wwin Gibsun ɣer Uxxam n Tujjya maca yemmut ciṭ kan mbaεd.	Seld mi d-teḍra twaɣit, wwin Gibsun ɣer Uxxam n Tujjya maca yemmut ciṭ kan mbaɛd.	ε
devtest	123	Amesnay n usbabbay, yesεan 64 n yiseggasen di leεmeṛ-is, ur yejriḥ ara deg twaɣit.	Amesnay n usbabbay, yesɛan 64 n yiseggasen di leɛmeṛ-is, ur yejriḥ ara deg twaɣit.	ε
devtest	124	Sbeεden takeṛṛust s timmad-is seg wadeg n twaɣit tamudi n 1200 GMT deg wass-nni.	Sbeɛden takeṛṛust s timmad-is seg wadeg n twaɣit tamudi n 1200 GMT deg wass-nni.	ε
devtest	127	Isental niḍen di tesmektit di Bali seg-sen aseḥbiber ɣef tẓegwa n umaḍal i d-yegran, akked ttiknilujiyen icerken i wakken ad εiwnen iɣlanen deg ubrid n tneflit ad nneflin mebla asimes.	Isental niḍen di tesmektit di Bali seg-sen aseḥbiber ɣef tẓegwa n umaḍal i d-yegran, akked ttiknilujiyen icerken i wakken ad ɛiwnen iɣlanen deg ubrid n tneflit ad nneflin mebla asimes.	ε
devtest	128	Ula d Iɣlanen Yeddukklen ssaramen ad jemεen idrimen i wakken ad εiwnen timura iḥuza useḥmu agraɣlan akken ad qablent tilkamin.	Ula d Iɣlanen Yeddukklen ssaramen ad jemɛen idrimen i wakken ad ɛiwnen timura iḥuza useḥmu agraɣlan akken ad qablent tilkamin.	ε
devtest	133	Imestagen εerḍen ad srekden taswiεt, maca asuter n yimeḥbas ur iban ara.	Imestagen ɛerḍen ad srekden taswiɛt, maca asuter n yimeḥbas ur iban ara.	ε
devtest	136	Tirebbuyaε n usellek si tmes sexsin times ɣef 11:35 n tmeddit.	Tirebbuyaɛ n usellek si tmes sexsin times ɣef 11:35 n tmeddit.	ε
devtest	139	Γef waya, snat n ccetlat n yiselman inegren, d snat niḍen i yellan ddeg ubrid n nger, seg-sent acufesn bu teεrurt.	Ɣef waya, snat n ccetlat n yiselman inegren, d snat niḍen i yellan ddeg ubrid n nger, seg-sent acufesn bu teɛrurt.	Γ,ε
devtest	140	Γas akken aswir n waman ad yali s kra n lmitrat kan seld aḥemmal, tinabaḍin ssarament ad iqid i wakken ad yesseqεed ifeggagen n umlal yettwahudden.	Ɣas akken aswir n waman ad yali s kra n lmitrat kan seld aḥemmal, tinabaḍin ssarament ad iqid i wakken ad yesseqɛed ifeggagen n umlal yettwahudden.	Γ,ε
devtest	141	Ur yelli uεeggen mgal atsunami i d-yeffɣen, yerna ɣef leḥsab n tesnurayt Jakarta n tfizikt n trakalt, ur d-yetteffeɣ uεeggen acku anhaz n tamurt ur yessaweḍ ara tawtilt n wazal 6.5.	Ur yelli uɛeggen mgal atsunami i d-yeffɣen, yerna ɣef leḥsab n tesnurayt Jakarta n tfizikt n trakalt, ur d-yetteffeɣ uɛeggen acku anhaz n tamurt ur yessaweḍ ara tawtilt n wazal 6.5.	ε
devtest	142	Γas akka ur yelli waggaz n utsunami, imezdaɣ yebda ad ten-iteffeɣ leεqel dɣa ǧǧan ixxamen-nsen d leqicat-nsen.	Ɣas akka ur yelli waggaz n utsunami, imezdaɣ yebda ad ten-iteffeɣ leɛqel dɣa ǧǧan ixxamen-nsen d leqicat-nsen.	Γ,ε
devtest	143	Γas akken Winfrey ulin-as-d imeṭṭawen deg umsifeḍ-ines, tsefra i yimeḍfaren-is d akken ad tuɣal.	Ɣas akken Winfrey ulin-as-d imeṭṭawen deg umsifeḍ-ines, tsefra i yimeḍfaren-is d akken ad tuɣal.	Γ
devtest	145	Igemmaḍen ineggura si tefranin tiselwayanin d tiwamniyin Tinambyatin mlan-d d akken aselway ad yeffɣen, Hifikebunye Buhamba, iεawed ifern-it umur ameqqran seg ugdud.	Igemmaḍen ineggura si tefranin tiselwayanin d tiwamniyin Tinambyatin mlan-d d akken aselway ad yeffɣen, Hifikebunye Buhamba, iɛawed ifern-it umur ameqqran seg ugdud.	ε
devtest	147	Tikra n Udukkel d tid n Afɣanistan ruḥent ɣer temnaḍt i wakken ad ḥudden adeg yerna ceggεen-d tinaffagin n tdukkli ɣer dina i wakken ad εawnent.	Tikra n Udukkel d tid n Afɣanistan ruḥent ɣer temnaḍt i wakken ad ḥudden adeg yerna ceggɛen-d tinaffagin n tdukkli ɣer dina i wakken ad ɛawnent.	ε
devtest	148	Tawaɣit teḍra-d ussawen deg unnar n udrar, yerna cukken d agemmaḍ n times iweεren.	Tawaɣit teḍra-d ussawen deg unnar n udrar, yerna cukken d agemmaḍ n times iweɛren.	ε
devtest	149	Ussisen n unadi ɣef wadeg n twaɣit yemlal-iten-id lḥal ixeṣren d wannar iweεren.	Ussisen n unadi ɣef wadeg n twaɣit yemlal-iten-id lḥal ixeṣren d wannar iweɛren.	ε
devtest	158	Akk ikeččumen n yifri, i wumi semman " Ṣa n Tyessetmatin", sεan ma drus maḍi 100 neɣ 250 n lmitrat (328 neɣ 820 feet) n dyametr.	Akk ikeččumen n yifri, i wumi semman " Ṣa n Tyessetmatin", sɛan ma drus maḍi 100 neɣ 250 n lmitrat (328 neɣ 820 feet) n dyametr.	ε
devtest	161	"Tazɣelt-nsen mačči d tin yellan d turkidt am yifri meqqren deg Umaḍal yettaṭṭafen yiwet n tezɣelt turkidt, maca yella-d waya imi d imerǧan lqayen s daxel n lqaεa," i d-yenna Glenn Kucin n Terbaεt n Tsestant n Tussna n Lqaεa d Tussna n Yitran d Lqaεa n Yiwunak Yeddukklen (TTYY) akked tin n Tesdawit n Arizuna n Ugafa i d-yezgan di Flagstaff, Arizuna."	"Tazɣelt-nsen mačči d tin yellan d turkidt am yifri meqqren deg Umaḍal yettaṭṭafen yiwet n tezɣelt turkidt, maca yella-d waya imi d imerǧan lqayen s daxel n lqaɛa," i d-yenna Glenn Kucin n Terbaɛt n Tsestant n Tussna n Lqaɛa d Tussna n Yitran d Lqaɛa n Yiwunak Yeddukklen (TTYY) akked tin n Tesdawit n Arizuna n Ugafa i d-yezgan di Flagstaff, Arizuna."	ε
devtest	162	Di Franṣa, afran yella si zik d tirmit ur nessexdam tatiknulujit εlayen: wid ifernen εezzlen iman-nsen deg texxamt tamecṭuḥt, ttarran tawriqt i d-yettwasaggzen uqbel anda jerden isem n umazwar fernen s daxel n teɣlaft.	Di Franṣa, afran yella si zik d tirmit ur nessexdam tatiknulujit ɛlayen: wid ifernen ɛezzlen iman-nsen deg texxamt tamecṭuḥt, ttarran tawriqt i d-yettwasaggzen uqbel anda jerden isem n umazwar fernen s daxel n teɣlaft.	ε
devtest	165	Si 1988, isendyaq-nni ilaq ad ilin d ifrawanen i wakken at yedɣaṛen d iεessasen zemren ad walin d akken ur telli teɣlaft uqbel ad yebdu ufran u d akken ur d-terni teɣlaft siwa tid i d-sseddan di leḥsab d bu yedɣaṛen i wumi εemden.	Si 1988, isendyaq-nni ilaq ad ilin d ifrawanen i wakken at yedɣaṛen d iɛessasen zemren ad walin d akken ur telli teɣlaft uqbel ad yebdu ufran u d akken ur d-terni teɣlaft siwa tid i d-sseddan di leḥsab d bu yedɣaṛen i wumi ɛemden.	ε
devtest	166	Imazwaren zemren ad ceggεen igensasen i wakken ad ḥeḍren i yal aḥric n ukala. Di tmeddit, idɣaren ḥesben-ten iwiziwen ddaw n tεessast yettwaḥarṣen, s uḍfar n tkaliwin tuzzigin.	Imazwaren zemren ad ceggɛen igensasen i wakken ad ḥeḍren i yal aḥric n ukala. Di tmeddit, idɣaren ḥesben-ten iwiziwen ddaw n tɛessast yettwaḥarṣen, s uḍfar n tkaliwin tuzzigin.	ε
devtest	167	ASUS Eee BC, bedren-d zik yakan imgan n yimeẓla igraɣlanen n ujmaε n udrim, i yuɣalen d asentel yesεan azal di 2007 Aggur IT n Taybay.	ASUS Eee BC, bedren-d zik yakan imgan n yimeẓla igraɣlanen n ujmaɛ n udrim, i yuɣalen d asentel yesɛan azal di 2007 Aggur IT n Taybay.	ε
devtest	170	Deg ussan-is imezwura, ahil yettili-d kan deg usmel internet n ṛṛadyu yettεeṭṭilen Ṛṛadyu TugiNet, asmel iwehhan ɣer ṛṛadyu n umeslay.	Deg ussan-is imezwura, ahil yettili-d kan deg usmel internet n ṛṛadyu yettɛeṭṭilen Ṛṛadyu TugiNet, asmel iwehhan ɣer ṛṛadyu n umeslay.	ε
devtest	171	Γer taggara n 2015, TugiNet tesbedd Ṛṛadyu AstruNet d taɣsert tis snat ddaw n tmezwarut.	Ɣer taggara n 2015, TugiNet tesbedd Ṛṛadyu AstruNet d taɣsert tis snat ddaw n tmezwarut.	Γ
devtest	172	Di tazwara sεeddayen-d deg ahil-agi izeffanen ibujaden, izedɣen di Teksas n Usamar.	Di tazwara sɛeddayen-d deg ahil-agi izeffanen ibujaden, izedɣen di Teksas n Usamar.	ε
devtest	187	Tixxamin curεen Ṛebbi ɣef "tmettant, ahuddu d usewḥec icuεen n yimelyunen d imelyunen n yimezdaɣ n Umaḍal."	Tixxamin curɛen Ṛebbi ɣef "tmettant, ahuddu d usewḥec icuɛen n yimelyunen d imelyunen n yimezdaɣ n Umaḍal."	ε
devtest	188	Tixxamin, tirnaflasin, tenna-d d akken azmaẓ "ur yesεi ara lmeεna" yerna "menwala ad icareε menwala."	Tixxamin, tirnaflasin, tenna-d d akken azmaẓ "ur yesɛi ara lmeɛna" yerna "menwala ad icareɛ menwala."	ε
devtest	190	Γef waya, isegbaren ttkeyyifen leḥcic ɣef usayes, yerna amezgun s timmad-is yessebɣes imfarǧen ad ernun ɣer-sen.	Ɣef waya, isegbaren ttkeyyifen leḥcic ɣef usayes, yerna amezgun s timmad-is yessebɣes imfarǧen ad ernun ɣer-sen.	Γ
devtest	194	Bakman, irebḥen Tasestant Ames Straw di Γuct, teɣtes ad tekfu asizzel-ines.	Bakman, irebḥen Tasestant Ames Straw di Ɣuct, teɣtes ad tekfu asizzel-ines.	Γ
devtest	196	Yella yesεa akken 20 n yiseggasen di leεmeṛ-is. Deg tefyirt, Bieber yenna-d "[ɣ]as akken ur ḥḍireɣ ur ttekkaɣ s wudem ussrid deg twaɣit, axemmem-iw d ddεawi-inu atnid ɣer twacult n teɣtest."	Yella yesɛa akken 20 n yiseggasen di leɛmeṛ-is. Deg tefyirt, Bieber yenna-d "[ɣ]as akken ur ḥḍireɣ ur ttekkaɣ s wudem ussrid deg twaɣit, axemmem-iw d ddɛawi-inu atnid ɣer twacult n teɣtest."	ε
devtest	197	Asmel web n yisalen n unecraḥ TMZ tefhem d akken amseknaw yeḥbes takeṛṛust-is di tama niḍen n Uzeglel Sebulfeda yerna yeεreḍ ad yeṭṭef tiwlafin n temsulta mi ḥebsen uqbel ad yezger abrid akken ad ikemmel, d ayen yeǧǧan afesyan n Tanabadt n Ubrid n Kalifurnya ad yesseḥbes tikeṛṛyas yerna yenna-as ad yezger, sin iberdan.	Asmel web n yisalen n unecraḥ TMZ tefhem d akken amseknaw yeḥbes takeṛṛust-is di tama niḍen n Uzeglel Sebulfeda yerna yeɛreḍ ad yeṭṭef tiwlafin n temsulta mi ḥebsen uqbel ad yezger abrid akken ad ikemmel, d ayen yeǧǧan afesyan n Tanabadt n Ubrid n Kalifurnya ad yesseḥbes tikeṛṛyas yerna yenna-as ad yezger, sin iberdan.	ε
devtest	198	Γef leḥsab n temsulta, anehhar n tkeṛṛust iḥuzan amseknaw-nni yezmer ur yettucareε ara.	Ɣef leḥsab n temsulta, anehhar n tkeṛṛust iḥuzan amseknaw-nni yezmer ur yettucareɛ ara.	Γ,ε
devtest	355	Agensa yettwaceyyeɛ ɣer wallun s umissil. Imassanen sexdamen itilskuben deg wallun acku inezwi n lqaɛa yesseεwaj tafat d tmuɣli-nneɣ.	Agensa yettwaceyyeɛ ɣer wallun s umissil. Imassanen sexdamen itilskuben deg wallun acku inezwi n lqaɛa yesseɛwaj tafat d tmuɣli-nneɣ.	ε
devtest	385	Γas akken tuget n wučči-nsen yettemcabi ɣer winna-nneɣ, Ṛuman sεan amur-nsen n yiferdisen n wučči yessewhamen d warunnimen, am yilef aweḥci, afrux n ṭawes, iεuṛas, d wanaw n temseɣẓaẓ i wumi qqaren iɣerdayen lwar	Ɣas akken tuget n wučči-nsen yettemcabi ɣer winna-nneɣ, Ṛuman sɛan amur-nsen n yiferdisen n wučči yessewhamen d warunnimen, am yilef aweḥci, afrux n ṭawes, iɛuṛas, d wanaw n temseɣẓaẓ i wumi qqaren iɣerdayen lwar	Γ,ε
devtest	386	Amgired niḍen yellan d akken mi tetten imdanen igellilen d tmeṭṭut učči-nsen s yiɣimi ɣef tesɣimin, irgazen inesbuɣar ḥemmlen ad asεun idrawen akken anda ad qnajjṛen ɣer tamiwin-nsen mi tetten tiram-nsen.	Amgired niḍen yellan d akken mi tetten imdanen igellilen d tmeṭṭut učči-nsen s yiɣimi ɣef tesɣimin, irgazen inesbuɣar ḥemmlen ad asɛun idrawen akken anda ad qnajjṛen ɣer tamiwin-nsen mi tetten tiram-nsen.	ε
devtest	388	D amedya, ur sεin ara akbal, neɣ ṭumaṭic, neɣ lbaṭaṭa, neɣ lkakau, yerna ur yelli Aṛumi aqbur iεerḍen adandu.	D amedya, ur sɛin ara akbal, neɣ ṭumaṭic, neɣ lbaṭaṭa, neɣ lkakau, yerna ur yelli Aṛumi aqbur iɛerḍen adandu.	ε
devtest	390	Imdanen ttawin-d tiɣeṛsawin i yilluyen dɣa ibabaṣen εeṛṛḍen ad asen-fken ayen bɣan i yilluyen s tfulga d tfaskiwin.	Imdanen ttawin-d tiɣeṛsawin i yilluyen dɣa ibabaṣen ɛeṛṛḍen ad asen-fken ayen bɣan i yilluyen s tfulga d tfaskiwin.	ε
devtest	391	Yal afakan yesεa abṛaḥ n ufakan yeldin akked wadeg uɣṛis ḥala ibabaṣen izemren ad t-ikecmen.	Yal afakan yesɛa abṛaḥ n ufakan yeldin akked wadeg uɣṛis ḥala ibabaṣen izemren ad t-ikecmen.	ε
devtest	400	Γas akken yal tamurt d "Taskundinafit", llant aṭas n tmeẓliwin gar imezdaɣ, igelliden, ansayen d umezruy n Denmark, Swid, Nuṛwi d Island.	Ɣas akken yal tamurt d "Taskundinafit", llant aṭas n tmeẓliwin gar imezdaɣ, igelliden, ansayen d umezruy n Denmark, Swid, Nuṛwi d Island.	Γ
devtest	402	Maca, ur telli d tidett. Γas akken tella tɣawsa yettwajerden ɣer deffir n warrat, ur telli d takarḍa n ugerruj.	Maca, ur telli d tidett. Ɣas akken tella tɣawsa yettwajerden ɣer deffir n warrat, ur telli d takarḍa n ugerruj.	Γ
devtest	404	Γas akken ur yelli win yetḥeqqen deg win i t-ijerrden, yettwassen d akken zik di tudert-is, arrat-nni tidsi ahrawan (yesket 29¾ n yinchen ɣef 24½ n yinchen) yerna yenneḍ i wakken ad yettwajmeε.	Ɣas akken ur yelli win yetḥeqqen deg win i t-ijerrden, yettwassen d akken zik di tudert-is, arrat-nni tidsi ahrawan (yesket 29¾ n yinchen ɣef 24½ n yinchen) yerna yenneḍ i wakken ad yettwajmeɛ.	Γ,ε
devtest	406	Azḍam n Wass-Nni d imennuɣen i d-yernan wwin-d tilelli i ugafa n Franṣa, maca anẓul urεad yelli d ilelli.	Azḍam n Wass-Nni d imennuɣen i d-yernan wwin-d tilelli i ugafa n Franṣa, maca anẓul urɛad yelli d ilelli.	ε
devtest	408	Di 15 Γuct 1940, Imsisan nebzen tama n unẓul n Franṣa, anbaz semman-as "Tamhelt Dragun".	Di 15 Ɣuct 1940, Imsisan nebzen tama n unẓul n Franṣa, anbaz semman-as "Tamhelt Dragun".	Γ
devtest	412	Iɣuṛam d lejdud n yeɣlanen. Adles n tɣeṛma anamek-is asεeddi n tmussni seg tsuta ɣer tayeḍ, d later adelsan ad idummen yerna d asnezwi iεedlen.	Iɣuṛam d lejdud n yeɣlanen. Adles n tɣeṛma anamek-is asɛeddi n tmussni seg tsuta ɣer tayeḍ, d later adelsan ad idummen yerna d asnezwi iɛedlen.	ε
devtest	415	Aseqqamu txuṣ-it tezmert i wakken ad iqelled tiẓeṭṭaḍin, yerna, acku ur llint tnabaḍin tiselkamin neɣ tiɣedmanin tiɣelnawin, yebna ɣef tnabaḍin n uwanek, i yettagin ad εiwnent, i wakken ad sḥersent akk arraten-is.	Aseqqamu txuṣ-it tezmert i wakken ad iqelled tiẓeṭṭaḍin, yerna, acku ur llint tnabaḍin tiselkamin neɣ tiɣedmanin tiɣelnawin, yebna ɣef tnabaḍin n uwanek, i yettagin ad ɛiwnent, i wakken ad sḥersent akk arraten-is.	ε
devtest	416	Ur yesεi ara ula d tissas i wakken ad isεeddi isuḍaf iẓeṭṭanen d tedrimt gar iwunak.	Ur yesɛi ara ula d tissas i wakken ad isɛeddi isuḍaf iẓeṭṭanen d tedrimt gar iwunak.	ε
devtest	418	Taɣlemt taɣelnawt n dabex n uḍar n Ṭelyan, akked terbaεt taɣelnawt Talalmanit n dabex n uḍar d tarbaεt tis snat irebḥen akk deg umaḍal yerna d ilɣuɣen n Teqbuct n Umaḍal FIFA di 2006.	Taɣlemt taɣelnawt n dabex n uḍar n Ṭelyan, akked terbaɛt taɣelnawt Talalmanit n dabex n uḍar d tarbaɛt tis snat irebḥen akk deg umaḍal yerna d ilɣuɣen n Teqbuct n Umaḍal FIFA di 2006.	ε
devtest	422	Γef tmazdayt/ugraw n tegzirin i tesεa Jabu, Jabu zgan qqaren-as, s wudem arakalan, d "agraw n tegzirin"	Ɣef tmazdayt/ugraw n tegzirin i tesɛa Jabu, Jabu zgan qqaren-as, s wudem arakalan, d "agraw n tegzirin"	Γ,ε
devtest	423	Tazwara n Taywan yella-d deg tasut tis 15 anda sεeddayen yemsilal Urufiyen si wa ɣer wa isem n tegzirt d Ilha Furmusa, neɣ tigzirt tahuskant.	Tazwara n Taywan yella-d deg tasut tis 15 anda sɛeddayen yemsilal Urufiyen si wa ɣer wa isem n tegzirt d Ilha Furmusa, neɣ tigzirt tahuskant.	ε
devtest	427	Maču Biču yesεa kraḍ n tɣessiwin tigejdanin, isem-nsent Intihuatana, Afakan n Yiṭij, d Texxamt n Kraḍ n Ṭwiqan.	Maču Biču yesɛa kraḍ n tɣessiwin tigejdanin, isem-nsent Intihuatana, Afakan n Yiṭij, d Texxamt n Kraḍ n Ṭwiqan.	ε
devtest	428	Tuget n yizudaɣ i qrib ad ɣlin n wadeg εawden-asen lebni i wakken ad sεun imerrayen tikti tamawayt ɣef wamek i d-banen di laṣel.	Tuget n yizudaɣ i qrib ad ɣlin n wadeg ɛawden-asen lebni i wakken ad sɛun imerrayen tikti tamawayt ɣef wamek i d-banen di laṣel.	ε
devtest	429	Di tazwara n 1976, afmiḍi n kraḍ n tmerwin n Maču Biču εawden-as yerna mazal as-ttεawaden er tura.	Di tazwara n 1976, afmiḍi n kraḍ n tmerwin n Maču Biču ɛawden-as yerna mazal as-ttɛawaden er tura.	ε
devtest	434	Aṭas n talɣiwin timagnutin (Tawacult n talɣiwin ABS, d amedya) εedlen neɣ qrib ad yaweḍ timeẓri-agi n teɣzi d tehri.	Aṭas n talɣiwin timagnutin (Tawacult n talɣiwin ABS, d amedya) ɛedlen neɣ qrib ad yaweḍ timeẓri-agi n teɣzi d tehri.	ε
devtest	445	Imi tella-d tiririt yesεan tilas ɣef ttiknit-agi, Lalman turǧa tiririt am tagi i trad-nsen n tneṭṭabin ur nesεi tilas.	Imi tella-d tiririt yesɛan tilas ɣef ttiknit-agi, Lalman turǧa tiririt am tagi i trad-nsen n tneṭṭabin ur nesɛi tilas.	ε
devtest	446	Deg yiseggasen n 1920, adduden icuεen n tuget n yiɣeṛmanen d yeɣlanen d talwit akked uεzal n yiman.	Deg yiseggasen n 1920, adduden icuɛen n tuget n yiɣeṛmanen d yeɣlanen d talwit akked uɛzal n yiman.	ε
devtest	450	Ccinwa taqburt tesεa tamamekt taselyant i wakken ad mlen talliyin n wakud yemgaraden; yal amecwaṛ n Ccinwa neɣ yal tawacult i yellan deg leḥkem d tallit tageldant tusdidt.	Ccinwa taqburt tesɛa tamamekt taselyant i wakken ad mlen talliyin n wakud yemgaraden; yal amecwaṛ n Ccinwa neɣ yal tawacult i yellan deg leḥkem d tallit tageldant tusdidt.	ε
devtest	452	Di talliyin-agi yella-d ṭraḍ aqessḥan gar waṭas n yihaggaren yettnaɣen ɣef lεerc.	Di talliyin-agi yella-d ṭraḍ aqessḥan gar waṭas n yihaggaren yettnaɣen ɣef lɛerc.	ε
devtest	453	Kraḍ n Tgeldiwin d tallit zewwaɣen seg yidammen deg umezruy n Ccinwa Taqburt igiman n yemdanen yemmuten s umennuɣ i wakken ad qqimen ɣef ufeqqim εlayen akk deg uɣṛem ameqqran di Ksi'an.	Kraḍ n Tgeldiwin d tallit zewwaɣen seg yidammen deg umezruy n Ccinwa Taqburt igiman n yemdanen yemmuten s umennuɣ i wakken ad qqimen ɣef ufeqqim ɛlayen akk deg uɣṛem ameqqran di Ksi'an.	ε
devtest	454	Llan aṭas n yisemda imettiyen d isertiyen am usexdem n yinagrawen imitriyen, aεeddi seg umagdez ɣer tegduda, taɣelnaẓrit d teflest d akken tamurt d ayla n ugdud mačči n yiwen kan n uselway.	Llan aṭas n yisemda imettiyen d isertiyen am usexdem n yinagrawen imitriyen, aɛeddi seg umagdez ɣer tegduda, taɣelnaẓrit d teflest d akken tamurt d ayla n ugdud mačči n yiwen kan n uselway.	ε
devtest	460	Imi d-yella ɣef tqacuct n yiwen seg yidurar n ugafa n Mekka, ifri tettwaεzel s wudem ummid seg umaḍal.	Imi d-yella ɣef tqacuct n yiwen seg yidurar n ugafa n Mekka, ifri tettwaɛzel s wudem ummid seg umaḍal.	ε
devtest	461	S tidet, ur tezmireḍ ara ad t-tafeḍ akk ɣas lukan yella win yeẓran yella. Mi ara tiliḍ s daxel n yifri, d aεzal ummid.	S tidet, ur tezmireḍ ara ad t-tafeḍ akk ɣas lukan yella win yeẓran yella. Mi ara tiliḍ s daxel n yifri, d aɛzal ummid.	ε
devtest	464	Bnan-tt Imaṣriyen deg tasut tis kraḍ Uqbel Talalit n Tmasiḥit, Tazamugt Tameqqrant d yiwet seg tsukiyin n tzumag timeqqranin yettwabnan i wakken ad arren iseɣ i Uferεun yemmuten.	Bnan-tt Imaṣriyen deg tasut tis kraḍ Uqbel Talalit n Tmasiḥit, Tazamugt Tameqqrant d yiwet seg tsukiyin n tzumag timeqqranin yettwabnan i wakken ad arren iseɣ i Uferɛun yemmuten.	ε
devtest	465	Tabraḥt n Giza, neɣ "Timeqbeṛt Giza" deg Uẓaɣar Tamaṣrit n Wid Yemmuten yesεa aṭas n tzumag (anda tella tzamugt tameqqrant d tin imeqqren akk), aṭas n yiẓekwan imecṭaḥ, aṭas n yifakan, d Usfinks ameqqran.	Tabraḥt n Giza, neɣ "Timeqbeṛt Giza" deg Uẓaɣar Tamaṣrit n Wid Yemmuten yesɛa aṭas n tzumag (anda tella tzamugt tameqqrant d tin imeqqren akk), aṭas n yiẓekwan imecṭaḥ, aṭas n yifakan, d Usfinks ameqqran.	ε
devtest	466	Tazamugt tameqqrant tettwabna i wakken ad arren iseɣ i Uferεun Xufu, ma d waṭas n tzumag timecṭaḥ, iẓekwan, d ifakan ttwabnan i wakken ad arren iseɣ i tlawin d iεeggalen n twacult n Xufu.	Tazamugt tameqqrant tettwabna i wakken ad arren iseɣ i Uferɛun Xufu, ma d waṭas n tzumag timecṭaḥ, iẓekwan, d ifakan ttwabnan i wakken ad arren iseɣ i tlawin d iɛeggalen n twacult n Xufu.	ε
devtest	471	Agellid Lwis XVI, Tagellidt Mari Antwanet sin n warraw-nsen imecṭaḥ (Mari Terez yesεan di leεmeṛ-is 11 n yiseggasen d Lwis-Čarls yesεan 4 n yiseggasen di leεmeṛ-is) akked weltma-s n Ugellid, Massa Elizabet, imi ugaden di 6 Tuber 1789 rran-ten ugraw n tlawin n ulzuz si Fersay ɣer Bari.	Agellid Lwis XVI, Tagellidt Mari Antwanet sin n warraw-nsen imecṭaḥ (Mari Terez yesɛan di leɛmeṛ-is 11 n yiseggasen d Lwis-Čarls yesɛan 4 n yiseggasen di leɛmeṛ-is) akked weltma-s n Ugellid, Massa Elizabet, imi ugaden di 6 Tuber 1789 rran-ten ugraw n tlawin n ulzuz si Fersay ɣer Bari.	ε
devtest	472	Deg tcariṭ-nsen, mi unagen d tuɣalin ɣer Bari zzin-asen-d agraw n lɣaci yettuɣun yerna attεeggiḍen aggazen mgal Agellid d Tgellidt.	Deg tcariṭ-nsen, mi unagen d tuɣalin ɣer Bari zzin-asen-d agraw n lɣaci yettuɣun yerna attɛeggiḍen aggazen mgal Agellid d Tgellidt.	ε
devtest	474	Deg yiwen n wakud amaṣlaḍ n ugraw yesḥerrek aqaṛṛu n uεessan ageldan yettwanɣan di Fersay zdat n Tgellidt yugaden.	Deg yiwen n wakud amaṣlaḍ n ugraw yesḥerrek aqaṛṛu n uɛessan ageldan yettwanɣan di Fersay zdat n Tgellidt yugaden.	ε
devtest	486	Tallit n Trumansit tesεa aferdis ameqqran n uεewwel adelsan, d-yekkan seg imura am Gutu, Ficte, d Clegel.	Tallit n Trumansit tesɛa aferdis ameqqran n uɛewwel adelsan, d-yekkan seg imura am Gutu, Ficte, d Clegel.	ε
devtest	487	Deg usatal n Trumansit, tarakalt temsel imdanen, yerna s wakud insayen d yidles icudden ɣer trakalt banen-d, yerna wigi, imi sεan amekkan-nsen deg tmetti, ifen iṣudaf yettwaḥettmen kan akka.	Deg usatal n Trumansit, tarakalt temsel imdanen, yerna s wakud insayen d yidles icudden ɣer trakalt banen-d, yerna wigi, imi sɛan amekkan-nsen deg tmetti, ifen iṣudaf yettwaḥettmen kan akka.	ε
devtest	489	Tamelt-is imi tella d ammas n ulameɣ yebda akken di 400 mbaεd talalit n Sidna Ɛisa yerna tdum alamma d 1100 mbaεd talalit n Sidna Ɛisa.	Tamelt-is imi tella d ammas n ulameɣ yebda akken di 400 mbaɛd talalit n Sidna Ɛisa yerna tdum alamma d 1100 mbaɛd talalit n Sidna Ɛisa.	ε
devtest	490	Yeɣli uẓayeṛ-is deg tmiḍi tis tnac s wudem agejdan imi Inmidagen uɣalen-d wwin-d arazen am leḥrir d iεeqqaṛen yesεan ugar n wazal ɣef wayen i d-ttafen deg wulzuzen n Yibizenṭiyen.	Yeɣli uẓayeṛ-is deg tmiḍi tis tnac s wudem agejdan imi Inmidagen uɣalen-d wwin-d arazen am leḥrir d iɛeqqaṛen yesɛan ugar n wazal ɣef wayen i d-ttafen deg wulzuzen n Yibizenṭiyen.	ε
devtest	493	Di tazwara yesεa udles Abizantini tazrirt meqqren ɣef lebsa deg usamar.	Di tazwara yesɛa udles Abizantini tazrirt meqqren ɣef lebsa deg usamar.	ε
devtest	494	Maca, imi ẓayen imaṭṭafen n teywelt, aɣanen deg umalu ttεeṭṭilen s 25 ɣer 30 n yiseggasen ɣer deffir.	Maca, imi ẓayen imaṭṭafen n teywelt, aɣanen deg umalu ttɛeṭṭilen s 25 ɣer 30 n yiseggasen ɣer deffir.	ε
devtest	497	Tafellaḥt n tudert d anagraw isehlen, tikkwal agaman, s usexdem n zzeriεa n tmurt-nni yettwajemεen i sdukkulen s tuzzya n yirden neɣ timamkin tiḥerfiyin icudden ɣer waya i wakken ad snernin lɣella.	Tafellaḥt n tudert d anagraw isehlen, tikkwal agaman, s usexdem n zzeriɛa n tmurt-nni yettwajemɛen i sdukkulen s tuzzya n yirden neɣ timamkin tiḥerfiyin icudden ɣer waya i wakken ad snernin lɣella.	ε
devtest	499	Idelsan imecṭaḥ jemεen-d imdanen yesεan tidmiyin yettemcabin yettḥassan d akken ttwaεzalen seg yilugan imettiyen yerna fkan-asen tagnit i wakken sneflin anamek n tmagit.	Idelsan imecṭaḥ jemɛen-d imdanen yesɛan tidmiyin yettemcabin yettḥassan d akken ttwaɛzalen seg yilugan imettiyen yerna fkan-asen tagnit i wakken sneflin anamek n tmagit.	ε
devtest	500	Nezmer ad d-neεqel idelsan imecṭaḥ s leεmeṛ, agraw atni, taserkemt, adeg, d/neɣ tuzzuft n yimaṣlaḍen.	Nezmer ad d-neɛqel idelsan imecṭaḥ s leɛmeṛ, agraw atni, taserkemt, adeg, d/neɣ tuzzuft n yimaṣlaḍen.	ε
devtest	501	Tulmisin yesbanayen amek ad tεeqleḍ adles amecṭuḥ zemrent ad ilint d tisnilsanin, tifulkanin, tisɣanin, tisertiyin, tuzzufin, tirakalin, neɣ d asdukkel n yimgan.	Tulmisin yesbanayen amek ad tɛeqleḍ adles amecṭuḥ zemrent ad ilint d tisnilsanin, tifulkanin, tisɣanin, tisertiyin, tuzzufin, tirakalin, neɣ d asdukkel n yimgan.	ε
devtest	502	Imaṣlaḍen n udles amecṭuḥ zgan sbanayen-d attekki-nsen s usexdem azamulan n waɣan yettmaεqalen , am lebsa, tikli, d tmeslayt.	Imaṣlaḍen n udles amecṭuḥ zgan sbanayen-d attekki-nsen s usexdem azamulan n waɣan yettmaɛqalen , am lebsa, tikli, d tmeslayt.	ε
devtest	504	Arrac imecṭaḥ am wigi qqaren-asen d "imulasen" neɣ d iweḥciyen. Kra n warrac imecṭaḥ imulasen qqnen-ten deg uxxam yemdanen (s wudem imezgi d imawlan-nsen); di kra n tejṛutin n usinef n ugrud-agi yella-d imi imawlan ur qbilen ara iɣeblan n tdawsa taɣaṛant d taggagt iweεren n ugrud.	Arrac imecṭaḥ am wigi qqaren-asen d "imulasen" neɣ d iweḥciyen. Kra n warrac imecṭaḥ imulasen qqnen-ten deg uxxam yemdanen (s wudem imezgi d imawlan-nsen); di kra n tejṛutin n usinef n ugrud-agi yella-d imi imawlan ur qbilen ara iɣeblan n tdawsa taɣaṛant d taggagt iweɛren n ugrud.	ε
devtest	508	Imi almad yebnan ɣef usenfar yessishil almad yerna yettara-t yesεa azal, tasuki n leεḍil tεedda akkin i waya.	Imi almad yebnan ɣef usenfar yessishil almad yerna yettara-t yesɛa azal, tasuki n leɛḍil tɛedda akkin i waya.	ε
devtest	509	Tasuki n leεḍil ur telli d tarrayt n ulmad maca d lemεawna i yettεawanen imdanen i yesεan tirmit n ulmad tamaynut am usexdem n useɣzan amaynut n uselkam neɣ tazwara n usenfar amaynut.	Tasuki n leɛḍil ur telli d tarrayt n ulmad maca d lemɛawna i yettɛawanen imdanen i yesɛan tirmit n ulmad tamaynut am usexdem n useɣzan amaynut n uselkam neɣ tazwara n usenfar amaynut.	ε
devtest	510	Wid-agi yettεawanen zemren ad ilin d uhlisen neɣ d ilawen, s wawalen niḍen, aselmad d talɣa n umεiwen maca ula d amessak n lkaɣeḍ n Lbiru Mikrusuft.	Wid-agi yettɛawanen zemren ad ilin d uhlisen neɣ d ilawen, s wawalen niḍen, aselmad d talɣa n umɛiwen maca ula d amessak n lkaɣeḍ n Lbiru Mikrusuft.	ε
devtest	511	Imεiwnen uhlisen llan deg useɣzan yerna llan i wakken ad steqsin, sḥercen, akked ad segzun tisekkirin iweεṛen i yinelmaden ad tent-fehmen s yiman-nsen.	Imɛiwnen uhlisen llan deg useɣzan yerna llan i wakken ad steqsin, sḥercen, akked ad segzun tisekkirin iweɛṛen i yinelmaden ad tent-fehmen s yiman-nsen.	ε
devtest	514	Nettwali d akken Anagraw n Twaculin Yettrebbin d adeg yesεan taɣellist i yigerdan-agi.	Nettwali d akken Anagraw n Twaculin Yettrebbin d adeg yesɛan taɣellist i yigerdan-agi.	ε
devtest	515	Anagraw-nneɣ n twaculin yettrebbin tiṭ-is ad yefk ixxamen yesεan taɣellist, imejjayen yesεan tayri, asinen irekden, d asejji bu taflest.	Anagraw-nneɣ n twaculin yettrebbin tiṭ-is ad yefk ixxamen yesɛan taɣellist, imejjayen yesɛan tayri, asinen irekden, d asejji bu taflest.	ε
devtest	516	Ixxamen n twaculin yettrebbin ilaq ad sεun akk ayen ixuṣṣen deg yixxamen seg ansi id ten-id-yekksen yakan.	Ixxamen n twaculin yettrebbin ilaq ad sɛun akk ayen ixuṣṣen deg yixxamen seg ansi id ten-id-yekksen yakan.	ε
devtest	518	Tulmisin tufṛizin n Internet ṣṣawaḍent ɣer tsektiwin timernanin deg wayen yeεnan tudsa n useqdec akked taḍfi.	Tulmisin tufṛizin n Internet ṣṣawaḍent ɣer tsektiwin timernanin deg wayen yeɛnan tudsa n useqdec akked taḍfi.	ε
devtest	525	Anadi n tasut tis snat n tmerwin yemla-d d akken llan sin n yinawen n ubeddel ajini: udrig d aεinani.	Anadi n tasut tis snat n tmerwin yemla-d d akken llan sin n yinawen n ubeddel ajini: udrig d aɛinani.	ε
devtest	526	Tiḍermas rnant-d abeddel ajini, ma d afran yettekkses-it seg unaw n ubeddel εinani.	Tiḍermas rnant-d abeddel ajini, ma d afran yettekkses-it seg unaw n ubeddel ɛinani.	ε
devtest	528	Beṛṛa di teẓgi, yewεeṛ lḥal i yebki s unagraw n uεebbuḍ-is yeẓẓaḍen am win n wulsiyen i wakken ad yeṣṣaweḍ ayen i d-yeḍleb aminu-acid s yemɣan yellan.	Beṛṛa di teẓgi, yewɛeṛ lḥal i yebki s unagraw n uɛebbuḍ-is yeẓẓaḍen am win n wulsiyen i wakken ad yeṣṣaweḍ ayen i d-yeḍleb aminu-acid s yemɣan yellan.	ε
devtest	530	Imɣan yellan akk i zemren ad d-afen d ibrutinen yellan deg iferrawen d lxeḍra, maca wigi ur yezmir uεebbuḍ-nneɣ n yibkan am nukni ad ten-yexdem siwa ma yella wwan.	Imɣan yellan akk i zemren ad d-afen d ibrutinen yellan deg iferrawen d lxeḍra, maca wigi ur yezmir uɛebbuḍ-nneɣ n yibkan am nukni ad ten-yexdem siwa ma yella wwan.	ε
devtest	531	D anemgal, učči n yiɣersiwen (tiweḍfin, ibaεεac, d tmellalin) mačči kan yeẓẓaḍ-iten uεebbuḍ s tefses, maca ččuren d yibrutinen n tɣara εlayen yesεan akk aminu-asids ilaqen.	D anemgal, učči n yiɣersiwen (tiweḍfin, ibaɛɛac, d tmellalin) mačči kan yeẓẓaḍ-iten uɛebbuḍ s tefses, maca ččuren d yibrutinen n tɣara ɛlayen yesɛan akk aminu-asids ilaqen.	ε
devtest	535	Ma yella tufiḍ iman-ik tettalseḍ acεal n umsaki deg iḍeṣ-ik, tzemreḍ ad t-terreḍ deg yidis nniḍen n texxamt, d ayen ad k-yeǧǧen ad tekkreḍ i wakken ad t-tessexṣiḍ.	Ma yella tufiḍ iman-ik tettalseḍ acɛal n umsaki deg iḍeṣ-ik, tzemreḍ ad t-terreḍ deg yidis nniḍen n texxamt, d ayen ad k-yeǧǧen ad tekkreḍ i wakken ad t-tessexṣiḍ.	ε
devtest	537	Afmiḍi n talwit n daxel i yesεa umdan tcudd s wudem anmengal ɣer ufmiḍi n waddad deg tfekka n umdan d wallaɣ-is.	Afmiḍi n talwit n daxel i yesɛa umdan tcudd s wudem anmengal ɣer ufmiḍi n waddad deg tfekka n umdan d wallaɣ-is.	ε
devtest	540	Abudi Atibitan yebna ɣef ulmad n Budda, maca swessεen-t s ubrid n tayri n mahayana d waṭas n ttekniyin seg Uyuga Ahendi.	Abudi Atibitan yebna ɣef ulmad n Budda, maca swessɛen-t s ubrid n tayri n mahayana d waṭas n ttekniyin seg Uyuga Ahendi.	ε
devtest	541	Di laṣel Abbudi Atibitan d aḥerfi mliḥ. D Ayuga Akundalini, ddeεwat d ubrid n yakk tayri i d-yezzin.	Di laṣel Abbudi Atibitan d aḥerfi mliḥ. D Ayuga Akundalini, ddeɛwat d ubrid n yakk tayri i d-yezzin.	ε
devtest	544	Lalman d acengu icerken deg Trad Amaḍlan 2, d ayen i d-yeglan s tdukkli gar Russ d Yiwunak Yedduklen. Γer taggara n trad amennuɣ n unagraw, akala d yidles yeṣṣaweḍ timura ad nnaɣen.	Lalman d acengu icerken deg Trad Amaḍlan 2, d ayen i d-yeglan s tdukkli gar Russ d Yiwunak Yedduklen. Ɣer taggara n trad amennuɣ n unagraw, akala d yidles yeṣṣaweḍ timura ad nnaɣen.	Γ
devtest	545	Sin n yiseggasen seld taggara n trad, imeddukal iqburen uɣalen tura d iεdawen dɣa tebda Traḍ Aṣemmaḍ.	Sin n yiseggasen seld taggara n trad, imeddukal iqburen uɣalen tura d iɛdawen dɣa tebda Traḍ Aṣemmaḍ.	ε
devtest	548	Maca, iɣawasen-agi qedmen gar yiḍ d wass, anda 800,000 n yiserdasen seg Tredsa Tazewwaɣt n Tdukkla Tasufyit kecmzn yerna xelqen-d inekcumen n Belarussi d Ukren seld mi nebzen tamiwin n usamar n Buland s uεfas n Umsisi n Talwit Riga, Arkawal n War-takeṛṛiḍt n Sufyit-Buland, d yemsisiyen igraɣlanen niḍen, wid yesεan sin n yidisen d wid yesεan ugar n yidisen.	Maca, iɣawasen-agi qedmen gar yiḍ d wass, anda 800,000 n yiserdasen seg Tredsa Tazewwaɣt n Tdukkla Tasufyit kecmzn yerna xelqen-d inekcumen n Belarussi d Ukren seld mi nebzen tamiwin n usamar n Buland s uɛfas n Umsisi n Talwit Riga, Arkawal n War-takeṛṛiḍt n Sufyit-Buland, d yemsisiyen igraɣlanen niḍen, wid yesɛan sin n yidisen d wid yesɛan ugar n yidisen.	ε
devtest	549	Asexdem n yiɣeṛṛuba i wakken ad awin sselεa d tamamekt yelḥan akk i wakken ad zegren imdanen d sselεa ilel.	Asexdem n yiɣeṛṛuba i wakken ad awin sselɛa d tamamekt yelḥan akk i wakken ad zegren imdanen d sselɛa ilel.	ε
devtest	550	Leqdic n tagriwa si zik ilaq ad tetḥeqq d akken tamurt-ik tezmer ad tawi imdanen-is d sselεa-nsen, ma yella deg yiwen n wakud, ad ger iman-is deg ukettaṛ n ucengu-ines ad yawi imdanen-is d sselεa-ines.	Leqdic n tagriwa si zik ilaq ad tetḥeqq d akken tamurt-ik tezmer ad tawi imdanen-is d sselɛa-nsen, ma yella deg yiwen n wakud, ad ger iman-is deg ukettaṛ n ucengu-ines ad yawi imdanen-is d sselɛa-ines.	ε
devtest	551	Yiwen seg yimedyaten imiranen akk i d-ibanen icudden ɣer waya d tawayt n Atlantik n Ugafa n Trad Amaḍlan II. Imarikaniyen εerḍen ad zegren irgazen d warrumen Ilel n Atlantik i wakken ad εiwnen Briṭanya.	Yiwen seg yimedyaten imiranen akk i d-ibanen icudden ɣer waya d tawayt n Atlantik n Ugafa n Trad Amaḍlan II. Imarikaniyen ɛerḍen ad zegren irgazen d warrumen Ilel n Atlantik i wakken ad ɛiwnen Briṭanya.	ε
devtest	714	Γas akken Guma tesεa akka taɣellist s wudem attwadag, yal tirzi beṛṛa n Guma ilaq ad yili unadi i wakken ad nefhem addad n umennuɣ i d-mazal di tɣiwant n Kifu n Ugafa.	Ɣas akken Guma tesɛa akka taɣellist s wudem attwadag, yal tirzi beṛṛa n Guma ilaq ad yili unadi i wakken ad nefhem addad n umennuɣ i d-mazal di tɣiwant n Kifu n Ugafa.	Γ,ε
devtest	775	Qrib ad ilint akk d tiftisin n wemlal yesεan taɣellist i uεumu, yerna akk sεant tili i d-fkan isekla n buhutukawa.	Qrib ad ilint akk d tiftisin n wemlal yesɛan taɣellist i uɛumu, yerna akk sɛant tili i d-fkan isekla n buhutukawa.	ε
devtest	777	Tigi d tiftisin yettačaṛen tikkwal d tiwaculin s waṭas n leṣnaf n tḥuna ikhedmen azlem ɣef yiri n yilel. Tella tɣellist i uεummu.	Tigi d tiftisin yettačaṛen tikkwal d tiwaculin s waṭas n leṣnaf n tḥuna ikhedmen azlem ɣef yiri n yilel. Tella tɣellist i uɛummu.	ε
devtest	894	Iminigen yufan tefses deg usezg ɣer udles amaynut tikkwal seεεun akud iwaεren i wakken ad sezgen ɣer udles-nsen aneṣli.	Iminigen yufan tefses deg usezg ɣer udles amaynut tikkwal seɛɛun akud iwaɛren i wakken ad sezgen ɣer udles-nsen aneṣli.	ε
devtest	902	Isuyas banent-d ɣef tzumag yerna tizumag tanḍiyin yemgaraden ceεlent-d.	Isuyas banent-d ɣef tzumag yerna tizumag tanḍiyin yemgaraden ceɛlent-d.	ε
devtest	908	Aḥric n ugafa n Uzrar Sentinel yesεa idurar εlayen akk n Antarktika, Agraw n Yidurar Finsun, taqacuct-is d 4892 m Taqacuct Finsun.	Aḥric n ugafa n Uzrar Sentinel yesɛa idurar ɛlayen akk n Antarktika, Agraw n Yidurar Finsun, taqacuct-is d 4892 m Taqacuct Finsun.	ε
devtest	909	Deg idgan ibeεden, mebla tduli n yifafusen, yezmer ad yili tiliɣṛi n ugensa d tafrant-ik taselyant.	Deg idgan ibeɛden, mebla tduli n yifafusen, yezmer ad yili tiliɣṛi n ugensa d tafrant-ik taselyant.	ε
devtest	911	Ameẓlu zgan ssexdamen-t iɣeṛṛuba, ladɣa iɣeṛṛuba n unecṛaḥ, akked iɣeṛṛuba yesεan isriyen n yisefka d taɣuct ɣer lebεid.	Ameẓlu zgan ssexdamen-t iɣeṛṛuba, ladɣa iɣeṛṛuba n unecṛaḥ, akked iɣeṛṛuba yesɛan isriyen n yisefka d taɣuct ɣer lebɛid.	ε
devtest	915	Deg waṭas n tejṛutin, ajerred deg temsirin n yiwen n useggas beṛṛa n tmurt yezmer ad yesselhu tignatin n unekcum ɣer usinen εlayen s tuɣalin ɣer tmurt.	Deg waṭas n tejṛutin, ajerred deg temsirin n yiwen n useggas beṛṛa n tmurt yezmer ad yesselhu tignatin n unekcum ɣer usinen ɛlayen s tuɣalin ɣer tmurt.	ε
devtest	917	Finland d adeg igerrzen i yinig s uɣeṛṛabu. "Akal n wagim n yigelmimen" yesεa igiman n tegzirin daɣen, deg yigelmimen akked deg yirexbilen s yiri n yilel.	Finland d adeg igerrzen i yinig s uɣeṛṛabu. "Akal n wagim n yigelmimen" yesɛa igiman n tegzirin daɣen, deg yigelmimen akked deg yirexbilen s yiri n yilel.	ε
devtest	919	Γas akken irexbilen n wafay d yigelmimen imeqranen d wid imeqqren s tidet i yal yaxt, iɣeṛṛuba imecṭaḥ neɣ ula d akayak ttbuddun tarmit yemgaraden.	Ɣas akken irexbilen n wafay d yigelmimen imeqranen d wid imeqqren s tidet i yal yaxt, iɣeṛṛuba imecṭaḥ neɣ ula d akayak ttbuddun tarmit yemgaraden.	Γ
devtest	926	Inig s tnafagt yezmer ad yili d tirmit yessagaden i yimdanen n yal leεmeṛ d tudert, ladɣa ma yella werǧin unagen di tnafagt neɣ ma yella teḍra-d yid-sen twaɣit di tnafagt.	Inig s tnafagt yezmer ad yili d tirmit yessagaden i yimdanen n yal leɛmeṛ d tudert, ladɣa ma yella werǧin unagen di tnafagt neɣ ma yella teḍra-d yid-sen twaɣit di tnafagt.	ε
devtest	927	Ur yelli d aneḍru s wayes ad tessetḥiḍ: ur yemgarad ara ɣef tugdiwin tudmawanin d karuh n tɣawsiwin niḍen i sεan ahat aṭas n yimdanen.	Ur yelli d aneḍru s wayes ad tessetḥiḍ: ur yemgarad ara ɣef tugdiwin tudmawanin d karuh n tɣawsiwin niḍen i sɛan ahat aṭas n yimdanen.	ε
devtest	928	I kra, ciṭ n tigzi ɣef wamek tleḥḥu tnafagt akked wayen d-iḍerrun deg wafug yezmer ad tεiwen aɣlab n tugdi yebnan ɣef wulac neɣ ɣef leḥkem i ulac.	I kra, ciṭ n tigzi ɣef wamek tleḥḥu tnafagt akked wayen d-iḍerrun deg wafug yezmer ad tɛiwen aɣlab n tugdi yebnan ɣef wulac neɣ ɣef leḥkem i ulac.	ε
devtest	929	Tikebbaniyin n tnazant ttwaxellaṣent akken iwata i wakken ad ceggεen tiɣawsiwin s urured. S wudem asnagaran, akud d axatar mliḥ akked warraten n uxeddim, alzazen neɣ iḥricen n ubeddel i useggem izwiran.	Tikebbaniyin n tnazant ttwaxellaṣent akken iwata i wakken ad ceggɛen tiɣawsiwin s urured. S wudem asnagaran, akud d axatar mliḥ akked warraten n uxeddim, alzazen neɣ iḥricen n ubeddel i useggem izwiran.	ε
devtest	930	Di kra n yinigen, tikebbaniyin timeqqranin sεant tinafagin-nsent, maca i yinigen niḍen d tkebbaniyin timecṭaḥ yella-d uɣbel.	Di kra n yinigen, tikebbaniyin timeqqranin sɛant tinafagin-nsent, maca i yinigen niḍen d tkebbaniyin timecṭaḥ yella-d uɣbel.	ε
devtest	931	Ma yella ceggεent tiɣawsiwin s wafug, di kra n yinigen ttawint ussan i wakken ad εeddint akk tarusi d tedwana.	Ma yella ceggɛent tiɣawsiwin s wafug, di kra n yinigen ttawint ussan i wakken ad ɛeddint akk tarusi d tedwana.	ε
devtest	932	Tamamekt yellan i wakken ad εeddint s wugar n urured ad tent-id-ceggεent d afecku ikelsen. Ilugan n tkebbaniyin n isufag ur sent-ttaǧǧant ara ad ceggεent ifecka mabla amessikel, dagi ad tkecmeḍ.	Tamamekt yellan i wakken ad ɛeddint s wugar n urured ad tent-id-ceggɛent d afecku ikelsen. Ilugan n tkebbaniyin n isufag ur sent-ttaǧǧant ara ad ceggɛent ifecka mabla amessikel, dagi ad tkecmeḍ.	ε
devtest	938	Muldufa d tagduda agtiriten yesεeddan amennuɣ n yiriten.	Muldufa d tagduda agtiriten yesɛeddan amennuɣ n yiriten.	ε
devtest	939	Di 1994, amennuɣ-agi tegla-d s asnulfu n Tegduda Transnistria iseɣṛan iman-is deg usamar n Muldufa, i yesεan anabaḍ-is d yedrimen-is maca ur tt-teḥsib ula d tamurt tamaṣlaḍt n UN.	Di 1994, amennuɣ-agi tegla-d s asnulfu n Tegduda Transnistria iseɣṛan iman-is deg usamar n Muldufa, i yesɛan anabaḍ-is d yedrimen-is maca ur tt-teḥsib ula d tamurt tamaṣlaḍt n UN.	ε
devtest	940	Assaɣen idamsanen sbedden-ten i tikkelt niḍen gar sin n yiḥricen-agi n Muldufa ɣas ur yenfiε ara ustag aserti.	Assaɣen idamsanen sbedden-ten i tikkelt niḍen gar sin n yiḥricen-agi n Muldufa ɣas ur yenfiɛ ara ustag aserti.	ε
devtest	944	Izeglalen yehrawen, izudaɣ s zǧaǧ d wammasen atraren n tiɣin sεan tisdariyin timensayin tizeggaɣin, ulzuz n tasut tis 18, d leǧwameε d tiglizin, ɣas akken tamdint tesεa anezwi ugar am Tuṛuft Tamagrakalt ɣef Ṭurk Tamensayt.	Izeglalen yehrawen, izudaɣ s zǧaǧ d wammasen atraren n tiɣin sɛan tisdariyin timensayin tizeggaɣin, ulzuz n tasut tis 18, d leǧwameɛ d tiglizin, ɣas akken tamdint tesɛa anezwi ugar am Tuṛuft Tamagrakalt ɣef Ṭurk Tamensayt.	ε
devtest	945	Tadart n Haldarsfik tesεa imeẓriyen n tegzirt Eysturuy iqerben yerna tesεa taglizt n ṭam n tɣemaṛ.	Tadart n Haldarsfik tesɛa imeẓriyen n tegzirt Eysturuy iqerben yerna tesɛa taglizt n ṭam n tɣemaṛ.	ε
devtest	951	Ttxilwat cfut d akken ad tettḥewwisem s umatu deg tmeqbeṛt, akked adeg yesεan azal ur nesεi tilas ɣer uḥric meqqren n ugdud n umaḍal.	Ttxilwat cfut d akken ad tettḥewwisem s umatu deg tmeqbeṛt, akked adeg yesɛan azal ur nesɛi tilas ɣer uḥric meqqren n ugdud n umaḍal.	ε
devtest	952	Mazal llan aṭas n yirgazen d tlawin yeddren iselken seg iɣimi-nsen dagi, d waṭas ugar i wumi nɣan iεzizen n wulawen-nsen neɣ isxedmen alama d lmut dinna, Udayen d war-Udayen yiwen-nsen.	Mazal llan aṭas n yirgazen d tlawin yeddren iselken seg iɣimi-nsen dagi, d waṭas ugar i wumi nɣan iɛzizen n wulawen-nsen neɣ isxedmen alama d lmut dinna, Udayen d war-Udayen yiwen-nsen.	ε
devtest	958	Aberreḥ imezgi deg Umiṭru yella-d s Katalan, maca tirwayin n lɣefla ttberriḥen-tent-id d unagraw awurman s tanḍa meqqren n tutlayin ladɣa Tasbanyulit, Taglizit, Tafransist, Taεrabt d Tjabunit.	Aberreḥ imezgi deg Umiṭru yella-d s Katalan, maca tirwayin n lɣefla ttberriḥen-tent-id d unagraw awurman s tanḍa meqqren n tutlayin ladɣa Tasbanyulit, Taglizit, Tafransist, Taɛrabt d Tjabunit.	ε
devtest	959	Ibarizyanen sεan tisellit d akken n yiman-nsen kan, ur ḥdiqen ara yerna ḥesben iman-nsen.	Ibarizyanen sɛan tisellit d akken n yiman-nsen kan, ur ḥdiqen ara yerna ḥesben iman-nsen.	ε
devtest	960	Γas akken ayagi yezga ur yelli siwa d tamuɣli iɣelḍen, maca tamamekt tamawayt i wakken ad tedduḍ di Baris tikli-inek ilaq ad tili aklen iwata, ad terreḍ iman-ik am win "yetturebban akken iwata" (yetturebban mliḥ). Ayagi ad k-yeǧǧ ad telḥuḍ s tefses mliḥ.	Ɣas akken ayagi yezga ur yelli siwa d tamuɣli iɣelḍen, maca tamamekt tamawayt i wakken ad tedduḍ di Baris tikli-inek ilaq ad tili aklen iwata, ad terreḍ iman-ik am win "yetturebban akken iwata" (yetturebban mliḥ). Ayagi ad k-yeǧǧ ad telḥuḍ s tefses mliḥ.	Γ
devtest	963	Yesεa ladɣa tanḍa meqqren n tmazdayin n yimɣan, ɣef inawen-is n inezwiyen imecṭaḥ, akal yemgaraden d yeswiren anḍiyen n leεla.	Yesɛa ladɣa tanḍa meqqren n tmazdayin n yimɣan, ɣef inawen-is n inezwiyen imecṭaḥ, akal yemgaraden d yeswiren anḍiyen n leɛla.	ε
devtest	967	Tuget n lemqamat sεan lbaliṭat i tlawin ur nhegga iman-nsent, maca ma yella tewwiḍ-d tin-im, ladɣa ma d m yiniten iceεcεen, ad am-d-izmumeg umeεkaf neɣ tameεkaft ɣer tewwurt n unekcum.	Tuget n lemqamat sɛan lbaliṭat i tlawin ur nhegga iman-nsent, maca ma yella tewwiḍ-d tin-im, ladɣa ma d m yiniten iceɛcɛen, ad am-d-izmumeg umeɛkaf neɣ tameɛkaft ɣer tewwurt n unekcum.	ε
devtest	969	Ay-agi daɣen tzemreḍ ad t-id-reḍleḍ seg uεemmur ɣer tewwurt n unekcum maca aceṭiḍ-nni ur yurad ara seld yal amdan id t-yelsan dimi akka yezmer ur ak-d-yettaεǧab ara lḥal ma yella telsiḍ tisafiwin-nni. Yiwen n lqiss iwulmen akk irgazen!	Ay-agi daɣen tzemreḍ ad t-id-reḍleḍ seg uɛemmur ɣer tewwurt n unekcum maca aceṭiḍ-nni ur yurad ara seld yal amdan id t-yelsan dimi akka yezmer ur ak-d-yettaɛǧab ara lḥal ma yella telsiḍ tisafiwin-nni. Yiwen n lqiss iwulmen akk irgazen!	ε
devtest	974	Mebla ccek daɣen d akken yessishel taɣuri, ɣas akken tira tewεeṛ akka ciṭ imi neḥwaǧ ad nẓer ma d amyag neɣ d arbib yettwasxedmen deg talɣa tanumast.	Mebla ccek daɣen d akken yessishel taɣuri, ɣas akken tira tewɛeṛ akka ciṭ imi neḥwaǧ ad nẓer ma d amyag neɣ d arbib yettwasxedmen deg talɣa tanumast.	ε
devtest	977	Daɣen, tḥeq d akken tesneṭqeḍ-d r d rr s wudem amgarad: karu anamek-is aεziz, ma d karru anamek-is aceryun.	Daɣen, tḥeq d akken tesneṭqeḍ-d r d rr s wudem amgarad: karu anamek-is aɛziz, ma d karru anamek-is aceryun.	ε
devtest	978	Tafarist tesεa tajeṛṛumt isehlen akka yerna d talugant akk.	Tafarist tesɛa tajeṛṛumt isehlen akka yerna d talugant akk.	ε
devtest	979	Ihi, taɣuri n tfelwit-agi n tjeṛṛumt ad k-tεiwen ad tlemdeḍ ugar ɣef tjeṛṛumt Tafarisit akked ad tfehmeḍ tifyirin akken iwata.	Ihi, taɣuri n tfelwit-agi n tjeṛṛumt ad k-tɛiwen ad tlemdeḍ ugar ɣef tjeṛṛumt Tafarisit akked ad tfehmeḍ tifyirin akken iwata.	ε
devtest	983	Imi asimes n tafat ur yelli d aɣbel am tura mi llan mechuren mliḥ, zgan-d s wudem imezgi di temdinin neɣ deg tesdawiyin, anda sehlen ad ten-wεun ɣef wid yettwabnan di tallit tatrart.	Imi asimes n tafat ur yelli d aɣbel am tura mi llan mechuren mliḥ, zgan-d s wudem imezgi di temdinin neɣ deg tesdawiyin, anda sehlen ad ten-wɛun ɣef wid yettwabnan di tallit tatrart.	ε
devtest	984	Tuget n yitiliskuben n unadi atrar d arrumen anect-ilaten deg yimekwan ibeεden s tegnatin n unezwi yelhan.	Tuget n yitiliskuben n unadi atrar d arrumen anect-ilaten deg yimekwan ibeɛden s tegnatin n unezwi yelhan.	ε
